variant,d,next_d,symbol,dir,last_close,vol_today,rrv,adx,next_close,next_ret
new,2026-06-17,2026-06-18,JINDALSAW,breakout,259.0,2830722,1.058,49.9,264.09,0.019652509652509555
new,2026-06-17,2026-06-18,CREDITACC,breakout,1434.0,305396,1.377,49.0,1416.8,-0.011994421199442152
new,2026-06-17,2026-06-18,CARTRADE,breakout,2611.4,8381396,6.751,50.6,2633.4,0.008424599831508003
new,2026-06-17,2026-06-18,DATAPATTNS,breakout,4548.0,2229391,1.71,38.4,4761.4,0.04692172383465251
new,2026-06-17,2026-06-18,DMART,breakout,4300.0,1181288,2.401,57.9,4306.0,0.0013953488372093023
new,2026-06-17,2026-06-18,KAJARIACER,breakout,1153.0,514306,2.679,55.2,1164.5,0.00997398091934085
new,2026-06-17,2026-06-18,NEWGEN,breakout,493.55,9810204,2.855,54.0,484.15,-0.019045689393171986
new,2026-06-17,2026-06-18,TITAGARH,breakout,922.0,2167066,1.665,44.3,931.0,0.009761388286334056
new,2026-06-17,2026-06-18,ICICIGI,breakout,1793.5,948065,1.451,55.6,1828.9,0.019737942570393137
new,2026-06-17,2026-06-18,NBCC,breakout,113.01,27737450,1.335,53.8,109.94,-0.027165737545350035
new,2026-06-17,2026-06-18,MGL,breakout,1203.5,545076,2.361,58.7,1211.4,0.006564187785625336
new,2026-06-17,2026-06-18,BDL,breakout,1244.9,2453367,1.816,62.1,1301.0,0.0450638605510482
new,2026-06-17,2026-06-18,PGEL,breakout,537.25,5626450,1.504,65.4,555.8,0.03452768729641685
new,2026-06-17,2026-06-18,FINCABLES,breakout,1120.0,896034,1.363,47.1,1152.3,0.028839285714285675
new,2026-06-17,2026-06-18,MAZDOCK,breakout,2484.3,1473351,2.071,62.2,2535.6,0.02064967999033922
new,2026-06-17,2026-06-18,DIXON,breakout,12781.0,1689515,3.199,51.7,12787.0,0.00046944683514591975
new,2026-06-17,2026-06-18,TRENT,breakout,2987.9,5654297,4.941,60.0,3167.0,0.05994176511931454
new,2026-06-17,2026-06-18,NYKAA,breakout,279.55,9418015,1.246,57.9,284.1,0.016276158111250265
new,2026-06-17,2026-06-18,KFINTECH,breakout,868.85,2309312,2.292,67.5,897.75,0.03326235828969325
new,2026-06-17,2026-06-18,REDINGTON,breakout,250.0,8272862,1.553,47.2,271.0,0.084
old,2026-06-18,2026-06-19,WELSPUNLIV,breakout,150.6,26541621,15.89,69.7,161.25,0.07071713147410362
old,2026-06-18,2026-06-19,NIACL,breakout,186.25,86617237,103.807,53.7,189.89,0.01954362416107375
new,2026-06-18,2026-06-19,OLECTRA,breakout,1451.0,3584538,3.757,63.9,1528.0,0.05306685044796692
new,2026-06-18,2026-06-19,HDFCBANK,breakout,800.05,41063407,1.082,42.0,782.35,-0.022123617273920294
new,2026-06-18,2026-06-19,AMBER,breakout,7960.0,449978,1.035,51.6,8033.0,0.009170854271356783
new,2026-06-18,2026-06-19,CARBORUNIV,breakout,1203.6,2072437,12.107,53.7,1256.3,0.04378531073446332
new,2026-06-18,2026-06-19,UNIONBANK,breakout,175.6,14183673,1.037,47.4,175.72,0.0006833712984054929
new,2026-06-18,2026-06-19,TATAINVEST,breakout,694.9,1196989,2.942,55.2,690.2,-0.0067635631026045934
new,2026-06-18,2026-06-19,JSWENERGY,breakout,577.35,3478999,1.011,26.9,577.0,-0.0006062180652983852
new,2026-06-18,2026-06-19,ICICIPRULI,breakout,507.05,2833433,1.639,64.6,515.85,0.0173552904052855
new,2026-06-18,2026-06-19,GODREJIND,breakout,1092.0,517207,4.297,51.7,1106.2,0.013003663003663046
new,2026-06-18,2026-06-19,STARHEALTH,breakout,561.0,7157398,12.523,54.1,571.6,0.018894830659536583
new,2026-06-18,2026-06-19,RRKABEL,breakout,2323.2,1680268,2.384,21.6,2308.6,-0.00628443526170795
new,2026-06-18,2026-06-19,LICI,breakout,435.8,11056167,1.77,45.9,441.6,0.013308857273978915
new,2026-06-18,2026-06-19,MFSL,breakout,1657.5,1062572,1.747,42.0,1684.7,0.016410256410256438
new,2026-06-18,2026-06-19,BEL,breakout,424.35,23534750,1.805,49.2,425.6,0.0029456816307293506
new,2026-06-18,2026-06-19,REDINGTON,breakout,271.0,41886320,7.471,63.9,280.78,0.03608856088560876
new,2026-06-18,2026-06-19,NETWEB,breakout,5097.0,3611487,1.318,51.3,5170.0,0.014322150284481068
new,2026-06-18,2026-06-19,FINCABLES,breakout,1152.3,985541,1.447,64.9,1169.9,0.015273800225635804
new,2026-06-18,2026-06-19,FIVESTAR,breakout,504.35,6458696,4.301,59.4,518.8,0.02865073857440256
new,2026-06-18,2026-06-19,ZFCVINDIA,breakout,2586.65,268242,3.203,48.2,2633.35,0.018054240040206372
new,2026-06-18,2026-06-19,PGEL,breakout,555.8,4111424,1.061,67.4,561.35,0.00998560633321351
new,2026-06-18,2026-06-19,NYKAA,breakout,284.1,36098183,4.565,71.1,302.2,0.06370996128123887
new,2026-06-18,2026-06-19,TRENT,breakout,3167.0,3683646,2.654,72.5,3180.8,0.00435743605936223
new,2026-06-18,2026-06-19,WELSPUNLIV,breakout,150.6,26541621,15.89,69.7,161.25,0.07071713147410362
new,2026-06-18,2026-06-19,NIACL,breakout,186.25,86617237,103.807,53.7,189.89,0.01954362416107375
old,2026-06-19,2026-06-22,LGEINDIA,breakout,1615.0,7832873,14.209,31.9,1633.2,0.011269349845201266
old,2026-06-19,2026-06-22,ITCHOTELS,breakout,163.6,21982605,8.053,60.5,176.45,0.0785452322738386
old,2026-06-19,2026-06-22,TATACAP,breakout,350.3,47929588,18.945,43.4,359.0,0.024835854981444444
old,2026-06-19,2026-06-22,POONAWALLA,breakout,433.75,11448613,8.586,39.3,424.0,-0.022478386167146973
old,2026-06-19,2026-06-22,NIACL,breakout,189.89,120202788,23.365,56.6,211.5,0.11380272789509724
old,2026-06-19,2026-06-22,TARIL,breakout,333.6,41797246,21.231,56.0,350.05,0.04931055155875296
old,2026-06-19,2026-06-22,CRAFTSMAN,breakout,9760.0,260257,3.546,44.3,9366.0,-0.04036885245901639
new,2026-06-19,2026-06-22,GLAXO,breakout,2298.2,252228,1.692,62.9,2342.3,0.019188930467322413
new,2026-06-19,2026-06-22,INDHOTEL,breakout,719.85,3165971,1.443,60.9,728.8,0.012433145794262598
new,2026-06-19,2026-06-22,ASTERDM,breakout,815.1,809148,1.077,40.7,788.0,-0.0332474543000859
new,2026-06-19,2026-06-22,LGEINDIA,breakout,1615.0,7832873,14.209,31.9,1633.2,0.011269349845201266
new,2026-06-19,2026-06-22,ITCHOTELS,breakout,163.6,21982605,8.053,60.5,176.45,0.0785452322738386
new,2026-06-19,2026-06-22,GRANULES,breakout,785.55,1777753,1.261,33.3,781.5,-0.005155623448539182
new,2026-06-19,2026-06-22,TATACAP,breakout,350.3,47929588,18.945,43.4,359.0,0.024835854981444444
new,2026-06-19,2026-06-22,POONAWALLA,breakout,433.75,11448613,8.586,39.3,424.0,-0.022478386167146973
new,2026-06-19,2026-06-22,GVT&D,breakout,5280.0,1247915,1.327,63.0,5428.0,0.02803030303030303
new,2026-06-19,2026-06-22,PARADEEP,breakout,136.86,8675880,2.331,44.0,136.65,-0.0015344147303814697
new,2026-06-19,2026-06-22,POLYCAB,breakout,10105.0,469158,1.707,32.5,10001.0,-0.01029193468579911
new,2026-06-19,2026-06-22,ZENTEC,breakout,1993.0,1657285,1.489,53.4,1954.5,-0.0193176116407426
new,2026-06-19,2026-06-22,REDINGTON,breakout,280.78,22280862,3.021,57.7,280.0,-0.0027779756392904507
new,2026-06-19,2026-06-22,BDL,breakout,1328.5,3501719,2.383,65.1,1382.7,0.04079789235980433
new,2026-06-19,2026-06-22,KEC,breakout,533.8,1974122,1.961,49.2,548.2,0.026976395653803095
new,2026-06-19,2026-06-22,LICI,breakout,441.6,12086166,1.819,47.5,441.4,-0.00045289855072474063
new,2026-06-19,2026-06-22,VIJAYA,breakout,1336.4,328229,1.399,38.5,1340.5,0.0030679437294222605
new,2026-06-19,2026-06-22,AUROPHARMA,breakout,1462.2,2503139,1.857,64.2,1494.0,0.021748050882232223
new,2026-06-19,2026-06-22,CAPLIPOINT,breakout,2398.1,402312,1.967,43.8,2508.2,0.045911346482632044
new,2026-06-19,2026-06-22,NIACL,breakout,189.89,120202788,23.365,56.6,211.5,0.11380272789509724
new,2026-06-19,2026-06-22,BHEL,breakout,410.6,22061834,2.001,56.0,412.25,0.004018509498295122
new,2026-06-19,2026-06-22,TARIL,breakout,333.6,41797246,21.231,56.0,350.05,0.04931055155875296
new,2026-06-19,2026-06-22,EIHOTEL,breakout,322.0,292243,1.494,35.3,329.85,0.02437888198757771
new,2026-06-19,2026-06-22,GABRIEL,breakout,1172.9,1382611,3.281,40.2,1232.1,0.050473186119873656
new,2026-06-19,2026-06-22,EMAMILTD,breakout,408.0,1190407,2.306,60.1,414.5,0.015931372549019607
new,2026-06-19,2026-06-22,THELEELA,breakout,483.3,3484960,9.742,48.6,498.55,0.03155390026898407
new,2026-06-19,2026-06-22,CRAFTSMAN,breakout,9760.0,260257,3.546,44.3,9366.0,-0.04036885245901639
new,2026-06-19,2026-06-22,BAJAJHFL,breakout,88.4,17895528,4.46,43.5,89.75,0.015271493212669619
new,2026-06-19,2026-06-22,JBMA,breakout,725.75,5101732,2.762,63.3,732.7,0.009576300378918424
old,2026-06-22,2026-06-23,CLEAN,breakout,843.55,5338574,22.483,43.2,817.15,-0.031296307272835014
new,2026-06-22,2026-06-23,EIHOTEL,breakout,329.85,365414,1.781,51.0,328.3,-0.004699105654085225
new,2026-06-22,2026-06-23,GABRIEL,breakout,1232.1,789484,1.648,52.8,1230.8,-0.0010551091632172345
new,2026-06-22,2026-06-23,JMFINANCIL,breakout,128.27,4006041,1.025,30.6,128.46,0.001481250487253432
new,2026-06-22,2026-06-23,ACMESOLAR,breakout,343.15,3374415,1.055,45.6,346.05,0.008451114672883678
new,2026-06-22,2026-06-23,ITCHOTELS,breakout,176.45,13098438,3.492,73.7,182.69,0.03536412581467843
new,2026-06-22,2026-06-23,ESCORTS,breakout,2855.0,303096,1.866,49.5,2951.9,0.03394045534150616
new,2026-06-22,2026-06-23,BHARTIHEXA,breakout,1517.0,547425,5.13,35.9,1478.9,-0.025115359261700665
new,2026-06-22,2026-06-23,SPLPETRO,breakout,775.05,420251,5.281,59.1,752.5,-0.029094897103412627
new,2026-06-22,2026-06-23,SCHNEIDER,breakout,1366.0,777620,1.229,64.2,1441.9,0.05556368960468528
new,2026-06-22,2026-06-23,DELHIVERY,breakout,471.7,12482054,5.654,52.7,484.55,0.02724189103243592
new,2026-06-22,2026-06-23,POLICYBZR,breakout,1682.5,3523232,2.054,37.9,1668.6,-0.008261515601783115
new,2026-06-22,2026-06-23,TATACOMM,breakout,2054.2,2763150,3.025,45.3,2043.4,-0.005257521176126827
new,2026-06-22,2026-06-23,BDL,breakout,1382.7,2687621,1.685,57.0,1414.0,0.022636869892239786
new,2026-06-22,2026-06-23,SCI,breakout,323.25,16866434,2.499,34.6,322.2,-0.0032482598607888984
new,2026-06-22,2026-06-23,IREDA,breakout,128.49,12708182,1.643,38.0,130.28,0.013931045217526593
new,2026-06-22,2026-06-23,CHOLAFIN,breakout,1713.1,1703156,1.031,12.7,1736.1,0.013425952950790965
new,2026-06-22,2026-06-23,CLEAN,breakout,843.55,5338574,22.483,43.2,817.15,-0.031296307272835014
new,2026-06-22,2026-06-23,NIACL,breakout,211.5,81001342,7.297,61.9,201.41,-0.04770685579196219
new,2026-06-22,2026-06-23,TIMKEN,breakout,3735.2,403806,7.457,43.4,3804.2,0.01847290640394089
new,2026-06-22,2026-06-23,CCL,breakout,1157.5,1249171,1.777,30.9,1163.0,0.004751619870410367
new,2026-06-22,2026-06-23,AEGISLOG,breakout,1071.65,5499623,1.093,43.6,1063.15,-0.007931694116549245
new,2026-06-22,2026-06-23,NHPC,breakout,76.49,50695689,1.138,42.2,78.55,0.026931625049026048
new,2026-06-22,2026-06-23,LLOYDSME,breakout,1802.7,826918,1.725,20.0,1786.5,-0.00898652021967052
new,2026-06-22,2026-06-23,IEX,breakout,124.14,11311278,2.51,39.4,127.44,0.026582890285161892
new,2026-06-22,2026-06-23,INOXWIND,breakout,93.7,21989949,1.285,36.7,92.57,-0.012059765208111096
old,2026-06-23,2026-06-24,COHANCE,breakout,439.8,26606492,36.026,43.6,458.85,0.04331514324693045
old,2026-06-23,2026-06-24,PPLPHARMA,breakout,174.63,94284473,34.835,33.6,171.9,-0.015633052740078965
new,2026-06-23,2026-06-24,OBEROIRLTY,breakout,1732.0,960820,2.172,16.7,1708.3,-0.013683602771362612
new,2026-06-23,2026-06-24,ATHERENERG,breakout,1005.5,4637368,1.076,25.3,988.0,-0.0174042764793635
new,2026-06-23,2026-06-24,SYRMA,breakout,1377.0,4015346,3.366,35.5,1397.0,0.014524328249818447
new,2026-06-23,2026-06-24,COHANCE,breakout,439.8,26606492,36.026,43.6,458.85,0.04331514324693045
new,2026-06-23,2026-06-24,ZYDUSLIFE,breakout,1101.3,2414133,1.585,47.1,1114.9,0.012349042041224133
new,2026-06-23,2026-06-24,CIPLA,breakout,1441.3,4947598,2.911,55.0,1437.6,-0.002567126899327028
new,2026-06-23,2026-06-24,LAURUSLABS,breakout,1478.1,4016660,2.226,63.6,1463.2,-0.010080508761247456
new,2026-06-23,2026-06-24,NAUKRI,breakout,1009.95,4268050,1.751,31.8,998.6,-0.011238180107926156
new,2026-06-23,2026-06-24,BHARATFORG,breakout,2135.0,1883587,1.656,54.7,2146.8,0.0055269320843092185
new,2026-06-23,2026-06-24,MEDANTA,breakout,1308.0,626687,2.498,38.5,1314.0,0.0045871559633027525
new,2026-06-23,2026-06-24,PPLPHARMA,breakout,174.63,94284473,34.835,33.6,171.9,-0.015633052740078965
new,2026-06-23,2026-06-24,CARTRADE,breakout,2707.0,1717959,1.006,28.1,2621.0,-0.03176948651643886
new,2026-06-23,2026-06-24,SCHNEIDER,breakout,1441.9,809202,1.224,53.5,1429.2,-0.008807823011304559
new,2026-06-23,2026-06-24,EMCURE,breakout,1893.6,632086,3.847,28.0,1830.9,-0.03311153358681866
new,2026-06-24,2026-06-25,SHRIRAMFIN,breakout,1017.9,7873473,1.386,25.0,1030.8,0.012673150604185064
new,2026-06-24,2026-06-25,JSWINFRA,breakout,330.0,35574086,9.915,59.7,335.5,0.016666666666666666
new,2026-06-24,2026-06-25,OFSS,breakout,10233.5,747121,2.722,45.3,10530.5,0.0290223286265696
new,2026-06-24,2026-06-25,PHOENIXLTD,breakout,1914.0,618178,1.175,27.4,1905.8,-0.00428422152560086
new,2026-06-24,2026-06-25,ABFRL,breakout,61.92,12069135,2.407,33.5,59.96,-0.03165374677002585
new,2026-06-25,2026-06-29,TMCV,breakout,420.85,20657281,1.988,40.0,429.6,0.020791255791849827
new,2026-06-25,2026-06-29,AADHARHFC,breakout,522.0,2816328,5.405,44.9,521.15,-0.0016283524904214994
new,2026-06-25,2026-06-29,M&M,breakout,3185.3,5332826,1.555,45.4,3105.0,-0.02520955639971123
new,2026-06-25,2026-06-29,TATACHEM,breakout,746.5,7533383,11.074,43.6,733.0,-0.01808439383791025
new,2026-06-25,2026-06-29,TVSMOTOR,breakout,3538.9,2135020,1.879,33.6,3511.0,-0.00788380570233691
new,2026-06-25,2026-06-29,WELCORP,breakout,1425.6,1853182,2.584,34.9,1466.0,0.028338945005611738
new,2026-06-25,2026-06-29,RADICO,breakout,3789.0,353970,1.112,30.5,3821.9,0.008683029823172365
new,2026-06-25,2026-06-29,VIJAYA,breakout,1361.3,555822,2.224,42.6,1304.5,-0.04172482186145593
new,2026-06-25,2026-06-29,ICICIBANK,breakout,1390.0,17104241,1.058,33.0,1389.7,-0.0002158273381294637
new,2026-06-25,2026-06-29,PAYTM,breakout,1127.7,2581567,1.292,34.7,1132.9,0.004611155449144316
new,2026-06-25,2026-06-29,OFSS,breakout,10530.5,1070625,3.583,67.6,10875.5,0.032761977114097146
new,2026-06-25,2026-06-29,MOTHERSON,breakout,148.58,74462952,3.261,49.9,152.73,0.02793108089917874
new,2026-06-25,2026-06-29,SYRMA,breakout,1462.7,3264907,2.377,45.9,1383.0,-0.05448827510767761
new,2026-06-25,2026-06-29,ASHOKLEY,breakout,159.35,60787617,1.927,43.0,159.29,-0.00037652965171008646
new,2026-06-25,2026-06-29,DRREDDY,breakout,1357.8,1702540,1.115,34.9,1411.1,0.03925467668286931
new,2026-06-25,2026-06-29,GODREJPROP,breakout,1840.1,1139469,1.789,33.8,1847.5,0.0040215205695343145
new,2026-06-25,2026-06-29,HDFCBANK,breakout,798.6,46513072,1.195,35.9,795.7,-0.003631354871024264
new,2026-06-25,2026-06-29,INDIGO,breakout,5374.2,5128099,4.482,62.3,5381.4,0.0013397342860332364
new,2026-06-25,2026-06-29,LTF,breakout,302.9,8411590,1.69,39.4,306.25,0.011059755694948903
new,2026-06-25,2026-06-29,UNITDSPR,breakout,1381.4,1768971,2.078,39.7,1359.5,-0.01585348197480823
new,2026-06-29,2026-06-30,ATHERENERG,breakout,1085.0,11555047,2.912,47.3,1110.0,0.02304147465437788
new,2026-06-29,2026-06-30,CHOICEIN,breakout,745.75,2137692,2.831,41.5,755.9,0.013610459269192058
new,2026-06-29,2026-06-30,WELCORP,breakout,1466.0,2152766,2.879,61.9,1506.0,0.027285129604365622
new,2026-06-29,2026-06-30,MARICO,breakout,840.7,7202409,3.509,32.7,833.95,-0.008029023432853574
new,2026-06-29,2026-06-30,DRREDDY,breakout,1411.1,8770219,5.606,32.3,1355.0,-0.03975621855290193
new,2026-06-29,2026-06-30,TORNTPHARM,breakout,4612.0,2068706,3.483,44.2,4636.9,0.005398959236773555
new,2026-06-29,2026-06-30,CENTRALBK,breakout,33.0,52997203,2.955,26.9,32.51,-0.01484848484848491
new,2026-06-29,2026-06-30,FINCABLES,breakout,1178.2,1243307,1.976,33.0,1168.9,-0.007893396706840906
new,2026-06-29,2026-06-30,PAYTM,breakout,1132.9,7840895,3.883,39.0,1149.2,0.014387854179539195
new,2026-06-29,2026-06-30,MAXHEALTH,breakout,1150.3,4100842,1.228,41.4,1145.25,-0.004390159088933282
new,2026-06-29,2026-06-30,HONASA,breakout,443.5,6831511,3.387,38.5,456.95,0.030326944757609896
new,2026-06-30,2026-07-01,NUVAMA,breakout,1806.1,969092,1.867,19.2,1783.6,-0.01245778196113172
new,2026-06-30,2026-07-01,ATHERENERG,breakout,1110.0,11133566,2.671,59.3,1129.7,0.01774774774774779
new,2026-06-30,2026-07-01,KIMS,breakout,828.2,1244243,1.706,21.1,828.15,-6.0371890847703706e-05
new,2026-06-30,2026-07-01,GRANULES,breakout,799.35,1559809,1.527,52.2,817.1,0.022205542002877336
new,2026-06-30,2026-07-01,APTUS,breakout,281.0,3362715,3.329,46.7,287.5,0.023131672597864767
new,2026-06-30,2026-07-01,SOLARINDS,breakout,18124.0,305825,2.047,43.6,18590.0,0.025711763407636284
new,2026-06-30,2026-07-01,USHAMART,breakout,496.9,1238577,2.166,54.0,492.3,-0.00925739585429657
new,2026-06-30,2026-07-01,MARUTI,breakout,14149.0,1499541,3.118,42.7,14340.0,0.013499187221711782
new,2026-06-30,2026-07-01,MANKIND,breakout,2554.5,752910,1.557,27.0,2482.9,-0.02802896848698372
new,2026-06-30,2026-07-01,GLAND,breakout,2439.9,2299069,3.162,68.7,2469.9,0.012295585884667405
new,2026-06-30,2026-07-01,TITAN,breakout,4320.8,1244044,1.513,32.1,4490.0,0.039159414923162335
new,2026-06-30,2026-07-01,FEDERALBNK,breakout,328.7,15623174,1.747,16.6,328.05,-0.001977487070276779
new,2026-06-30,2026-07-01,GMRAIRPORT,breakout,112.18,37520958,1.493,35.5,113.09,0.008111962916740921
new,2026-06-30,2026-07-01,HONASA,breakout,456.95,3784606,1.653,36.1,466.75,0.021446547762337263
new,2026-06-30,2026-07-01,CAPLIPOINT,breakout,2653.0,393537,1.686,31.4,2573.9,-0.029815303430079123
new,2026-06-30,2026-07-01,BHEL,breakout,417.8,18456613,1.421,20.6,416.55,-0.0029918621349928195
new,2026-07-01,2026-07-02,ABREL,breakout,1394.5,696270,3.123,52.2,1425.2,0.022015059160989635
new,2026-07-01,2026-07-02,INDUSINDBK,breakout,940.0,2288742,1.037,26.2,941.5,0.0015957446808510637
new,2026-07-01,2026-07-02,CDSL,breakout,1334.1,2258348,1.185,28.8,1352.0,0.013417285061089943
new,2026-07-01,2026-07-02,LENSKART,breakout,520.65,7404062,1.144,49.8,529.35,0.016709881878421293
new,2026-07-01,2026-07-02,BLUEJET,breakout,550.5,1174304,1.395,31.7,570.0,0.035422343324250684
new,2026-07-01,2026-07-02,CEATLTD,breakout,3516.2,289416,2.395,49.5,3792.8,0.078664467322678
new,2026-07-01,2026-07-02,ETERNAL,breakout,269.15,66877547,2.395,61.2,281.5,0.04588519412966756
new,2026-07-01,2026-07-02,ADANIPORTS,breakout,1839.1,4094972,1.822,45.2,1856.7,0.009569898319830426
new,2026-07-01,2026-07-02,HDFCAMC,breakout,2687.3,1139133,1.193,29.4,2745.0,0.02147136531090679
new,2026-07-01,2026-07-02,DELHIVERY,breakout,475.4,18021506,4.983,47.6,505.7,0.06373580143037445
new,2026-07-01,2026-07-02,BEML,breakout,1831.8,1396395,6.294,35.8,1823.4,-0.0045856534556173514
new,2026-07-01,2026-07-02,PAYTM,breakout,1206.0,4228602,1.839,49.4,1211.4,0.004477611940298583
new,2026-07-01,2026-07-02,EMAMILTD,breakout,412.75,972265,1.475,43.2,414.55,0.004360993337371318
new,2026-07-01,2026-07-02,NESTLEIND,breakout,1443.0,2672885,1.447,35.2,1454.6,0.008038808038807976
new,2026-07-01,2026-07-02,RAILTEL,breakout,323.8,3418580,4.721,30.8,317.3,-0.020074119827053736
new,2026-07-01,2026-07-02,FIRSTCRY,breakout,228.18,5906250,2.398,33.8,225.25,-0.012840739766850762
new,2026-07-01,2026-07-02,PRESTIGE,breakout,1579.0,1054693,1.401,48.7,1664.0,0.05383153894870171
new,2026-07-01,2026-07-02,CEMPRO,breakout,1337.6,803017,1.18,46.3,1422.6,0.06354665071770335
old,2026-07-02,2026-07-03,AWL,breakout,188.8,16390039,4.776,44.4,189.0,0.0010593220338982448
new,2026-07-02,2026-07-03,ABREL,breakout,1425.2,288327,1.145,58.3,1412.0,-0.009261857984844264
new,2026-07-02,2026-07-03,BAJAJFINSV,breakout,1823.0,1784657,1.574,43.8,1898.9,0.041634668129456986
new,2026-07-02,2026-07-03,IKS,breakout,1841.9,1270328,6.301,54.7,1866.0,0.013084315109397854
new,2026-07-02,2026-07-03,AWL,breakout,188.8,16390039,4.776,44.4,189.0,0.0010593220338982448
new,2026-07-02,2026-07-03,CEATLTD,breakout,3792.8,517124,3.903,66.1,3820.0,0.007171482809533805
new,2026-07-02,2026-07-03,SAGILITY,breakout,41.56,67935562,4.72,29.0,41.36,-0.004812319538017393
new,2026-07-02,2026-07-03,HINDUNILVR,breakout,2192.8,2585557,1.683,43.8,2216.8,0.010944910616563297
new,2026-07-02,2026-07-03,JKTYRE,breakout,416.9,4052472,3.458,53.2,412.0,-0.011753418085871858
new,2026-07-02,2026-07-03,JUBLFOOD,breakout,430.5,2147927,1.069,36.7,433.85,0.007781649245063932
new,2026-07-02,2026-07-03,ECLERX,breakout,1422.2,917998,4.015,26.6,1423.7,0.0010547039797496837
new,2026-07-02,2026-07-03,TBOTEK,breakout,1562.5,1831438,7.606,41.2,1522.1,-0.02585600000000006
new,2026-07-02,2026-07-03,APOLLOTYRE,breakout,441.0,4301515,3.918,53.4,452.7,0.026530612244897934
new,2026-07-02,2026-07-03,INTELLECT,breakout,751.1,554677,1.409,42.3,779.5,0.0378112102250033
new,2026-07-02,2026-07-03,MAPMYINDIA,breakout,896.05,2953829,8.28,54.4,912.65,0.0185257519111657
new,2026-07-02,2026-07-03,GODREJCP,breakout,1046.6,1739695,1.765,58.7,1082.9,0.03468373781769557
new,2026-07-02,2026-07-03,CHOICEIN,breakout,789.5,1334611,1.49,47.1,800.8,0.014312856238125338
new,2026-07-02,2026-07-03,PRESTIGE,breakout,1664.0,1778673,2.262,62.4,1686.9,0.013762019230769286
new,2026-07-02,2026-07-03,ARE&M,breakout,860.0,1614020,3.73,50.6,863.35,0.0038953488372093286
new,2026-07-02,2026-07-03,NUVOCO,breakout,315.45,313552,1.094,51.7,324.55,0.028847677920431202
new,2026-07-02,2026-07-03,FIVESTAR,breakout,530.1,2841837,1.472,58.7,549.0,0.035653650254668885
new,2026-07-02,2026-07-03,JUBLINGREA,breakout,670.45,622745,2.166,71.0,680.95,0.015661123126258482
new,2026-07-02,2026-07-03,NAUKRI,breakout,1037.1,2206603,1.319,39.4,1047.2,0.00973869443640935
new,2026-07-02,2026-07-03,LODHA,breakout,1000.65,3952289,1.821,71.2,1041.1,0.040423724579023566
new,2026-07-02,2026-07-03,ABFRL,breakout,62.0,30159951,8.195,47.1,62.65,0.010483870967741912
new,2026-07-02,2026-07-03,BRITANNIA,breakout,5307.5,374089,1.298,45.1,5407.5,0.018841262364578427
new,2026-07-02,2026-07-03,CREDITACC,breakout,1537.0,360507,1.135,36.3,1574.0,0.024072869225764477
new,2026-07-02,2026-07-03,ASIANPAINT,breakout,2724.1,1626045,1.115,38.1,2749.1,0.009177342975661687
new,2026-07-02,2026-07-03,ADANIENT,breakout,3169.2,3391991,1.634,52.5,3157.0,-0.0038495519373973933
new,2026-07-02,2026-07-03,CEMPRO,breakout,1422.6,1246945,1.798,64.9,1449.2,0.01869815830170121
new,2026-07-02,2026-07-03,SONACOMS,breakout,664.9,7798494,4.613,47.9,660.5,-0.006617536471649838
new,2026-07-02,2026-07-03,OBEROIRLTY,breakout,1830.3,1202877,2.351,51.8,1903.0,0.03972026443752393
new,2026-07-02,2026-07-03,SRF,breakout,2802.1,571717,1.166,21.8,2814.0,0.004246814888833408
new,2026-07-02,2026-07-03,BANKINDIA,breakout,145.4,14001933,1.521,30.9,144.05,-0.009284731774415366
old,2026-07-03,2026-07-06,ZENSARTECH,breakout,492.55,60823495,23.353,46.7,486.15,-0.012993604710181777
old,2026-07-03,2026-07-06,SUMICHEM,breakout,468.45,29527257,74.456,66.2,493.9,0.05432810331945776
new,2026-07-03,2026-07-06,MPHASIS,breakout,2309.0,1352001,2.617,48.2,2284.8,-0.010480727587700224
new,2026-07-03,2026-07-06,AMBUJACEM,breakout,434.45,6197591,1.901,47.9,442.25,0.017953734606974362
new,2026-07-03,2026-07-06,OBEROIRLTY,breakout,1903.0,897564,1.609,63.3,1976.2,0.038465580662112475
new,2026-07-03,2026-07-06,ZENSARTECH,breakout,492.55,60823495,23.353,46.7,486.15,-0.012993604710181777
new,2026-07-03,2026-07-06,GRANULES,breakout,833.95,1301352,1.157,26.9,852.35,0.02206367288206724
new,2026-07-03,2026-07-06,AADHARHFC,breakout,545.95,1522359,2.198,55.1,557.5,0.02115578349665712
new,2026-07-03,2026-07-06,CREDITACC,breakout,1574.0,566580,1.744,40.5,1562.6,-0.007242693773824708
new,2026-07-03,2026-07-06,DIVISLAB,breakout,6776.5,383572,1.095,39.1,6765.0,-0.0016970412454807055
new,2026-07-03,2026-07-06,NUVAMA,breakout,1856.5,1944883,3.993,41.5,1862.0,0.0029625639644492324
new,2026-07-03,2026-07-06,APOLLOHOSP,breakout,8832.5,372981,1.098,43.4,8888.0,0.0062836116614774975
new,2026-07-03,2026-07-06,NH,breakout,2043.2,706462,2.275,26.8,2020.0,-0.01135473766640566
new,2026-07-03,2026-07-06,MANAPPURAM,breakout,334.4,5424071,1.741,29.8,330.65,-0.011214114832535886
new,2026-07-03,2026-07-06,INDIACEM,breakout,386.4,267397,1.157,44.8,382.75,-0.00944616977225667
new,2026-07-03,2026-07-06,LODHA,breakout,1041.1,7866793,3.463,62.1,1071.35,0.029055806358659113
new,2026-07-03,2026-07-06,BAJAJHFL,breakout,91.86,37416159,7.569,53.5,90.09,-0.019268451992161942
new,2026-07-03,2026-07-06,ABCAPITAL,breakout,402.4,6549669,1.523,33.8,405.5,0.007703777335984152
new,2026-07-03,2026-07-06,LAURUSLABS,breakout,1532.6,3338225,1.313,40.3,1531.8,-0.0005219887772412597
new,2026-07-03,2026-07-06,IPCALAB,breakout,1774.9,573927,2.32,59.1,1785.4,0.0059158262437320405
new,2026-07-03,2026-07-06,JUBLINGREA,breakout,680.95,342069,1.162,64.7,692.0,0.016227329466186876
new,2026-07-03,2026-07-06,INTELLECT,breakout,779.5,1478985,3.695,52.5,774.05,-0.0069916613213599045
new,2026-07-03,2026-07-06,ACC,breakout,1375.9,334013,1.861,45.3,1397.2,0.015480776219201943
new,2026-07-03,2026-07-06,PARADEEP,breakout,141.78,17664196,4.286,68.4,145.82,0.02849485117788117
new,2026-07-03,2026-07-06,DALBHARAT,breakout,1779.0,357604,1.101,42.9,1767.4,-0.006520517144463131
new,2026-07-03,2026-07-06,LTF,breakout,325.15,8746832,1.345,57.2,328.45,0.010149161925265299
new,2026-07-03,2026-07-06,BAJAJFINSV,breakout,1898.9,2002904,1.676,53.8,1877.1,-0.011480330717784076
new,2026-07-03,2026-07-06,SUMICHEM,breakout,468.45,29527257,74.456,66.2,493.9,0.05432810331945776
new,2026-07-06,2026-07-07,OBEROIRLTY,breakout,1976.2,1589291,2.684,56.5,1938.3,-0.019178220827851478
new,2026-07-06,2026-07-07,AEGISVOPAK,breakout,263.49,11019587,7.335,60.9,271.64,0.03093096512201593
new,2026-07-06,2026-07-07,HEG,breakout,541.6,3724723,5.418,43.3,533.0,-0.015878877400295463
new,2026-07-06,2026-07-07,HFCL,breakout,216.13,28658707,1.055,32.5,219.65,0.016286494239578078
new,2026-07-06,2026-07-07,ANANDRATHI,breakout,2092.9,623943,1.017,44.5,2053.7,-0.01872999187729957
new,2026-07-06,2026-07-07,GRANULES,breakout,852.35,1571002,1.35,38.7,872.35,0.02346453921511116
new,2026-07-06,2026-07-07,ZENTEC,breakout,1863.0,2436384,2.685,37.8,1861.0,-0.0010735373054213634
new,2026-07-06,2026-07-07,GRAVITA,breakout,1769.0,311747,1.714,39.0,1789.0,0.011305822498586773
new,2026-07-06,2026-07-07,UTIAMC,breakout,988.35,491164,3.126,51.3,983.45,-0.004957757879293749
new,2026-07-06,2026-07-07,DIXON,breakout,12686.0,1285535,2.349,60.8,13256.0,0.044931420463503076
new,2026-07-06,2026-07-07,UNITDSPR,breakout,1407.2,1179663,1.329,57.3,1427.2,0.014212620807276862
new,2026-07-06,2026-07-07,MUTHOOTFIN,breakout,3144.3,1757586,1.642,39.6,3116.0,-0.00900041344655414
new,2026-07-06,2026-07-07,GODREJPROP,breakout,2024.4,1383991,2.168,50.3,2022.0,-0.0011855364552460436
new,2026-07-06,2026-07-07,360ONE,breakout,1121.0,1251902,1.271,45.1,1136.8,0.014094558429973198
new,2026-07-06,2026-07-07,LODHA,breakout,1071.35,6277446,2.417,70.5,1090.35,0.0177346338731507
new,2026-07-07,2026-07-08,JUBLFOOD,breakout,453.3,10870785,5.069,43.9,442.05,-0.024818001323626736
new,2026-07-07,2026-07-08,CUB,breakout,226.64,3847918,1.061,37.4,226.77,0.0005735968937523115
new,2026-07-07,2026-07-08,ITCHOTELS,breakout,186.74,5831193,1.267,45.6,184.02,-0.0145657063296562
new,2026-07-07,2026-07-08,URBANCO,breakout,136.08,5169060,1.354,47.5,137.0,0.006760728982951113
new,2026-07-07,2026-07-08,JIOFIN,breakout,243.02,23050901,2.103,34.1,237.26,-0.023701752942144758
new,2026-07-07,2026-07-08,RBLBANK,breakout,371.75,6599938,1.098,43.9,368.85,-0.0078009414929387415
new,2026-07-07,2026-07-08,SBILIFE,breakout,1833.5,1705925,1.624,37.8,1839.4,0.003217889282792523
new,2026-07-07,2026-07-08,TITAN,breakout,4634.4,3354370,4.264,40.1,4595.4,-0.00841532884515795
new,2026-07-07,2026-07-08,TORNTPHARM,breakout,4848.2,539085,1.113,60.4,4886.0,0.0077967080565983626
new,2026-07-07,2026-07-08,PGEL,breakout,583.0,4738862,1.57,42.3,571.0,-0.02058319039451115
new,2026-07-07,2026-07-08,PWL,breakout,138.46,56909544,4.448,53.2,157.62,0.1383793153257258
new,2026-07-07,2026-07-08,ZYDUSLIFE,breakout,1167.0,1527146,1.153,45.5,1165.2,-0.0015424164524421205
new,2026-07-08,2026-07-09,BHARTIHEXA,breakout,1520.5,682439,2.446,33.0,1556.0,0.023347583031897403
new,2026-07-08,2026-07-09,ATHERENERG,breakout,1203.0,8867331,2.375,36.2,1219.4,0.013632585203657599
new,2026-07-08,2026-07-09,NAUKRI,breakout,1199.85,10921910,4.404,67.9,1205.45,0.004667250072925897
new,2026-07-08,2026-07-09,LODHA,breakout,1114.85,10377243,3.578,46.6,1145.45,0.027447638695788795
new,2026-07-08,2026-07-09,ADANIENSOL,breakout,1675.3,4412471,1.747,25.8,1654.3,-0.012535068345967886
new,2026-07-09,2026-07-10,BHARTIHEXA,breakout,1556.0,433473,1.396,26.3,1596.4,0.02596401028277641
new,2026-07-09,2026-07-10,ASTERDM,breakout,808.0,1188137,1.729,31.1,808.0,0.0
new,2026-07-09,2026-07-10,ATHERENERG,breakout,1219.4,5381920,1.342,35.0,1215.0,-0.003608331966540996
new,2026-07-09,2026-07-10,CHOICEIN,breakout,802.85,8404792,8.329,32.0,840.0,0.04627265367129598
new,2026-07-09,2026-07-10,PREMIERENE,breakout,1073.6,1963758,1.843,39.3,1089.7,0.014996274217585821
new,2026-07-09,2026-07-10,LENSKART,breakout,558.6,15946589,2.488,19.1,552.15,-0.011546723952739072
new,2026-07-09,2026-07-10,IIFL,breakout,546.05,4180299,2.146,24.0,551.9,0.010713304642432054
new,2026-07-09,2026-07-10,JUBLINGREA,breakout,715.0,713348,2.102,26.0,721.0,0.008391608391608392
new,2026-07-09,2026-07-10,SWIGGY,breakout,275.35,56079412,3.938,50.0,282.52,0.02603958598147797
new,2026-07-09,2026-07-10,KALYANKJIL,breakout,416.7,117358778,11.644,47.9,474.25,0.13810895128389733
new,2026-07-09,2026-07-10,PFOCUS,breakout,245.47,494378,1.007,18.9,256.69,0.045708233185317956
new,2026-07-09,2026-07-10,TATAINVEST,breakout,687.6,734987,1.924,20.8,693.0,0.007853403141361223
old,2026-07-10,2026-07-13,J&KBANK,breakout,191.0,22809828,5.753,42.9,182.95,-0.0421465968586388
new,2026-07-10,2026-07-13,KFINTECH,breakout,897.8,1882019,1.613,33.3,905.4,0.008465137001559393
new,2026-07-10,2026-07-13,SUMICHEM,breakout,496.2,2257203,1.078,42.0,525.0,0.0580411124546554
new,2026-07-10,2026-07-13,ANANTRAJ,breakout,586.6,4467471,2.075,40.7,582.95,-0.006222297988407735
new,2026-07-10,2026-07-13,LLOYDSME,breakout,1797.9,631141,1.386,23.3,1815.8,0.009956059847599901
new,2026-07-10,2026-07-13,RHIM,breakout,415.0,5115068,1.237,51.1,422.15,0.017228915662650546
new,2026-07-10,2026-07-13,BANKINDIA,breakout,144.81,14162467,1.541,41.8,145.5,0.0047648643049513
new,2026-07-10,2026-07-13,MRPL,breakout,156.2,37359973,7.61,46.8,167.25,0.07074263764404617
new,2026-07-10,2026-07-13,LICHSGFIN,breakout,550.3,1461406,1.023,27.6,551.2,0.0016354715609669108
new,2026-07-10,2026-07-13,AWL,breakout,191.45,5214439,1.015,37.5,190.86,-0.003081744580830374
new,2026-07-10,2026-07-13,INDIANB,breakout,873.35,17672927,6.158,50.0,843.0,-0.0347512452052442
new,2026-07-10,2026-07-13,DLF,breakout,678.35,11178732,2.254,40.0,688.0,0.014225694700375878
new,2026-07-10,2026-07-13,CDSL,breakout,1431.5,9168280,4.453,40.5,1444.8,0.009290953545232242
new,2026-07-10,2026-07-13,ASAHIINDIA,breakout,911.4,379072,2.807,52.8,912.5,0.001206934386657914
new,2026-07-10,2026-07-13,PAYTM,breakout,1342.0,6781872,2.609,51.9,1386.0,0.03278688524590164
new,2026-07-10,2026-07-13,RBLBANK,breakout,370.65,9123060,1.483,38.3,379.75,0.02455146364494813
new,2026-07-10,2026-07-13,PHOENIXLTD,breakout,2148.2,910526,1.069,35.1,2151.5,0.0015361698165907189
new,2026-07-10,2026-07-13,MOTILALOFS,breakout,969.6,1347064,1.382,30.3,969.3,-0.0003094059405941298
new,2026-07-10,2026-07-13,OFSS,breakout,11429.0,458880,1.488,41.9,11816.0,0.03386123020386735
new,2026-07-10,2026-07-13,GODREJPROP,breakout,2074.4,1301691,1.746,36.6,2146.7,0.03485345160046265
new,2026-07-10,2026-07-13,KALYANKJIL,breakout,474.25,115716893,7.409,54.1,494.1,0.04185556141275703
new,2026-07-10,2026-07-13,J&KBANK,breakout,191.0,22809828,5.753,42.9,182.95,-0.0421465968586388
new,2026-07-10,2026-07-13,HAL,breakout,4440.0,1075786,1.346,36.0,4460.0,0.0045045045045045045
new,2026-07-10,2026-07-13,INDHOTEL,breakout,739.65,3028984,1.076,26.5,742.0,0.0031771783951869436
new,2026-07-10,2026-07-13,FSL,breakout,246.64,3445120,2.708,48.7,259.45,0.05193804735647098
new,2026-07-10,2026-07-13,CHENNPETRO,breakout,1160.3,2010084,2.483,32.1,1201.6,0.0355942428682237
new,2026-07-10,2026-07-13,BLUEJET,breakout,622.35,4752834,4.534,52.7,606.0,-0.02627139069655342
new,2026-07-10,2026-07-13,SOBHA,breakout,1486.5,379780,2.471,33.9,1540.8,0.03652875882946516
new,2026-07-10,2026-07-13,ECLERX,breakout,1601.3,483798,1.492,37.5,1631.4,0.018797227252857138
new,2026-07-10,2026-07-13,ICICIPRULI,breakout,502.4,2914783,1.739,47.6,515.45,0.025975318471337716
new,2026-07-10,2026-07-13,BANDHANBNK,breakout,209.5,20187431,2.081,42.0,212.53,0.01446300715990454
new,2026-07-10,2026-07-13,BLUESTARCO,breakout,1632.1,381351,1.004,29.8,1661.4,0.017952331352245686
old,2026-07-13,2026-07-14,CANHLIFE,breakout,156.62,25634236,37.192,39.9,148.59,-0.05127059123994382
new,2026-07-13,2026-07-14,SONATSOFTW,breakout,290.95,31023632,6.555,54.8,313.4,0.07716102423096749
new,2026-07-13,2026-07-14,SHYAMMETL,breakout,998.0,2120864,4.214,58.3,1036.45,0.038527054108216476
new,2026-07-13,2026-07-14,BANDHANBNK,breakout,212.53,10552031,1.021,31.9,207.9,-0.021785159742154028
new,2026-07-13,2026-07-14,MRPL,breakout,167.25,22599812,3.516,47.6,161.74,-0.03294469357249621
new,2026-07-13,2026-07-14,APTUS,breakout,290.0,1815772,1.514,29.0,290.1,0.00034482758620697497
new,2026-07-13,2026-07-14,CDSL,breakout,1444.8,3724645,1.511,35.2,1425.0,-0.013704318936877045
new,2026-07-13,2026-07-14,MAPMYINDIA,breakout,1121.0,4146709,4.214,61.7,1181.15,0.05365744870651212
new,2026-07-13,2026-07-14,PVRINOX,breakout,1011.65,252282,1.244,27.3,1012.65,0.0009884841595413434
new,2026-07-13,2026-07-14,JSWINFRA,breakout,341.8,14780333,2.35,48.5,341.75,-0.00014628437682858797
new,2026-07-13,2026-07-14,UTIAMC,breakout,1029.0,1261091,5.129,51.5,980.05,-0.04757045675413027
new,2026-07-13,2026-07-14,OFSS,breakout,11816.0,473746,1.518,43.2,11720.0,-0.008124576844955992
new,2026-07-13,2026-07-14,GROWW,breakout,206.15,36035036,1.009,36.2,207.08,0.004511278195488755
new,2026-07-13,2026-07-14,PCBL,breakout,315.25,2387557,1.651,28.3,320.05,0.015226011102299798
new,2026-07-13,2026-07-14,JUBLINGREA,breakout,735.0,560547,1.452,24.7,717.2,-0.02421768707482987
new,2026-07-13,2026-07-14,PAYTM,breakout,1386.0,4660817,1.646,61.6,1385.0,-0.0007215007215007215
new,2026-07-13,2026-07-14,VOLTAS,breakout,1314.6,2091479,1.861,53.0,1339.0,0.018560778944165596
new,2026-07-13,2026-07-14,CANHLIFE,breakout,156.62,25634236,37.192,39.9,148.59,-0.05127059123994382
new,2026-07-13,2026-07-14,ZENSARTECH,breakout,526.95,33099581,3.894,45.5,546.5,0.03710029414555452
new,2026-07-13,2026-07-14,KALYANKJIL,breakout,494.1,154105521,7.311,57.7,526.0,0.06456182958915195
new,2026-07-13,2026-07-14,GODREJPROP,breakout,2146.7,1450877,1.837,33.6,2115.0,-0.014766851446406028
old,2026-07-14,2026-07-15,NUVOCO,breakout,342.0,21102014,78.625,40.1,377.8,0.10467836257309945
new,2026-07-14,2026-07-15,SBICARD,breakout,621.4,7090988,5.691,50.9,641.85,0.03290955906018675
new,2026-07-14,2026-07-15,CARTRADE,breakout,2917.4,3744966,3.582,29.7,2875.0,-0.014533488722835433
new,2026-07-14,2026-07-15,BHARTIHEXA,breakout,1611.2,449474,1.385,22.9,1627.9,0.010364945382323762
new,2026-07-14,2026-07-15,DIVISLAB,breakout,7007.5,1097376,3.259,51.4,7302.0,0.042026400285408494
new,2026-07-14,2026-07-15,ACMESOLAR,breakout,384.65,4255721,2.274,35.6,385.3,0.0016898479136878569
new,2026-07-14,2026-07-15,OIL,breakout,437.2,5934225,1.681,53.8,436.6,-0.0013723696248855578
new,2026-07-14,2026-07-15,NUVOCO,breakout,342.0,21102014,78.625,40.1,377.8,0.10467836257309945
new,2026-07-14,2026-07-15,TORNTPHARM,breakout,4979.8,795030,1.418,22.5,4943.1,-0.007369773886501429
new,2026-07-14,2026-07-15,CONCOR,breakout,485.0,14227037,7.829,48.4,494.35,0.019278350515463963
new,2026-07-14,2026-07-15,IDBI,breakout,87.02,52601521,1.712,61.4,89.64,0.030108021144564522
new,2026-07-14,2026-07-15,MCX,breakout,2876.3,3692619,1.073,51.0,2914.8,0.013385251886103674
old,2026-07-15,2026-07-16,NUVOCO,breakout,377.8,50674834,38.715,52.6,363.45,-0.03798305982001065
old,2026-07-15,2026-07-16,JUBLPHARMA,breakout,999.7,715636,7.116,29.6,1017.0,0.017305191557467195
new,2026-07-15,2026-07-16,GABRIEL,breakout,1327.0,2296314,5.141,40.6,1338.6,0.00874152223059526
new,2026-07-15,2026-07-16,ULTRACEMCO,breakout,11644.0,379116,1.632,33.4,11835.0,0.01640329783579526
new,2026-07-15,2026-07-16,DIVISLAB,breakout,7302.0,720019,1.886,55.3,7312.0,0.001369487811558477
new,2026-07-15,2026-07-16,ABB,breakout,7027.5,765108,2.764,41.4,7289.0,0.03721095695482035
new,2026-07-15,2026-07-16,FLUOROCHEM,breakout,3988.0,541904,3.828,49.3,4113.4,0.0314443329989969
new,2026-07-15,2026-07-16,SUNPHARMA,breakout,1957.5,2280664,1.135,36.5,1947.6,-0.005057471264367863
new,2026-07-15,2026-07-16,ENDURANCE,breakout,2700.4,313342,2.619,30.6,2752.0,0.019108280254777035
new,2026-07-15,2026-07-16,NUVOCO,breakout,377.8,50674834,38.715,52.6,363.45,-0.03798305982001065
new,2026-07-15,2026-07-16,HFCL,breakout,222.28,32100650,1.291,27.7,222.5,0.0009897426669065992
new,2026-07-15,2026-07-16,BANDHANBNK,breakout,216.52,23737327,2.379,29.6,214.5,-0.009329392203953492
new,2026-07-15,2026-07-16,SUPREMEIND,breakout,3469.6,329796,1.336,36.7,3471.5,0.0005476135577588457
new,2026-07-15,2026-07-16,KALYANKJIL,breakout,538.55,63692037,2.04,40.5,536.4,-0.0039922012812180436
new,2026-07-15,2026-07-16,AARTIIND,breakout,504.15,4203736,4.558,29.9,501.4,-0.005454725776058713
new,2026-07-15,2026-07-16,UNIONBANK,breakout,172.81,60714595,3.799,33.8,172.08,-0.004224292575661071
new,2026-07-15,2026-07-16,JUBLPHARMA,breakout,999.7,715636,7.116,29.6,1017.0,0.017305191557467195
new,2026-07-15,2026-07-16,LTTS,breakout,3460.6,2189248,18.246,35.5,3618.6,0.04565682251632665
new,2026-07-16,2026-07-17,BPCL,breakout,316.6,7896814,1.039,28.6,313.9,-0.00852811118130147
new,2026-07-16,2026-07-17,IOC,breakout,142.33,22019598,1.477,28.3,142.21,-0.0008431110798848067
new,2026-07-16,2026-07-17,APTUS,breakout,300.3,1508461,1.299,44.9,307.05,0.022477522477522476
new,2026-07-16,2026-07-17,SWIGGY,breakout,276.2,34279234,1.939,33.3,269.01,-0.026031860970311363
new,2026-07-16,2026-07-17,CASTROLIND,breakout,184.95,1334940,1.09,31.2,184.52,-0.002324952689916077
new,2026-07-16,2026-07-17,ABB,breakout,7289.0,2576704,8.683,52.0,7600.0,0.04266703251474825
new,2026-07-16,2026-07-17,GRAPHITE,breakout,662.0,2723972,3.477,33.1,643.7,-0.027643504531721985
new,2026-07-16,2026-07-17,KAYNES,breakout,3394.0,1741084,1.405,41.9,3406.9,0.003800824985268147
new,2026-07-16,2026-07-17,DIXON,breakout,14281.0,2230679,3.344,50.5,14460.0,0.01253413626496744
new,2026-07-16,2026-07-17,JUBLINGREA,breakout,758.0,446422,1.116,36.4,738.0,-0.026385224274406333
new,2026-07-16,2026-07-17,EMMVEE,breakout,364.7,23042170,8.395,43.0,357.45,-0.019879352892788592
new,2026-07-16,2026-07-17,HSCL,breakout,721.95,28207475,2.389,57.8,741.0,0.026386868896737938
new,2026-07-16,2026-07-17,SRF,breakout,2880.0,1542353,3.527,48.9,2874.9,-0.0017708333333333018
new,2026-07-16,2026-07-17,CHENNPETRO,breakout,1208.9,7390928,8.088,47.9,1204.3,-0.003805112085366975
new,2026-07-17,2026-07-20,SONACOMS,breakout,705.0,4853892,2.16,50.7,717.0,0.01702127659574468
new,2026-07-17,2026-07-20,HSCL,breakout,741.0,18231200,1.447,42.5,769.65,0.038663967611336
new,2026-07-17,2026-07-20,COLPAL,breakout,2040.0,423099,1.236,27.0,2117.0,0.037745098039215684
new,2026-07-17,2026-07-20,BHARATFORG,breakout,2130.0,1943326,1.439,36.6,2173.9,0.020610328638497696
new,2026-07-17,2026-07-20,RELIANCE,breakout,1322.1,18260213,1.373,24.3,1329.9,0.0058997050147494
new,2026-07-17,2026-07-20,INDIACEM,breakout,403.0,1169964,4.179,60.6,394.85,-0.020223325062034683
new,2026-07-17,2026-07-20,KALYANKJIL,breakout,556.95,53935878,1.505,55.4,573.85,0.030343836969207245
new,2026-07-17,2026-07-20,BAJFINANCE,breakout,1043.9,13057715,1.473,47.6,1050.4,0.0062266500622665
new,2026-07-17,2026-07-20,TECHM,breakout,1551.4,10516494,4.055,34.0,1588.4,0.02384942632461003
new,2026-07-20,2026-07-21,AEGISLOG,breakout,1415.4,3715406,1.212,38.4,1370.1,-0.03200508690122946
new,2026-07-20,2026-07-21,LLOYDSME,breakout,1883.2,678837,1.342,31.4,1931.6,0.02570093457943918
new,2026-07-20,2026-07-21,PNB,breakout,110.2,117482204,7.441,50.4,112.41,0.02005444646097998
new,2026-07-20,2026-07-21,EXIDEIND,breakout,441.95,4949150,1.054,33.9,444.5,0.005769883470980906
new,2026-07-20,2026-07-21,POWERGRID,breakout,287.5,11334909,1.173,30.6,289.2,0.00591304347826083
new,2026-07-20,2026-07-21,ESCORTS,breakout,3003.4,352248,2.982,26.0,2952.0,-0.017113937537457578
new,2026-07-20,2026-07-21,OIL,breakout,445.7,9415929,2.64,39.1,448.7,0.006730984967466906
new,2026-07-20,2026-07-21,SAREGAMA,breakout,515.6,2457876,3.707,48.1,512.65,-0.005721489526765022
new,2026-07-20,2026-07-21,ANTHEM,breakout,793.45,1254867,1.883,39.2,803.75,0.012981284264918966
new,2026-07-20,2026-07-21,JSWSTEEL,breakout,1255.1,2581871,1.696,33.8,1268.0,0.010278065492789493
new,2026-07-21,2026-07-22,LLOYDSME,breakout,1931.6,687701,1.303,40.6,1924.8,-0.0035203975978463217
new,2026-07-21,2026-07-22,AWL,breakout,197.0,8468542,2.013,25.2,190.87,-0.03111675126903551
new,2026-07-21,2026-07-22,HSCL,breakout,800.65,21286407,1.635,64.3,766.0,-0.043277337163554586
new,2026-07-21,2026-07-22,MANAPPURAM,breakout,346.85,11947113,3.293,50.5,349.0,0.006198644947383529
new,2026-07-21,2026-07-22,JKCEMENT,breakout,5645.0,297715,3.465,29.3,5680.5,0.006288751107174491
new,2026-07-21,2026-07-22,THERMAX,breakout,4813.0,327182,1.225,33.0,4773.5,-0.00820693953874922
new,2026-07-21,2026-07-22,FLUOROCHEM,breakout,4415.5,758229,4.519,72.3,4561.6,0.033087985505605336
new,2026-07-21,2026-07-22,ACE,breakout,1072.0,5931817,16.921,37.2,1036.3,-0.03330223880597019
new,2026-07-21,2026-07-22,ASTRAL,breakout,1405.7,875755,1.096,30.6,1424.9,0.013658675393042644
new,2026-07-21,2026-07-22,SRF,breakout,2914.3,528364,1.096,43.0,2925.2,0.003740177744226619
new,2026-07-21,2026-07-22,PNB,breakout,112.41,28477715,1.358,55.8,110.68,-0.015390089849657413
new,2026-07-21,2026-07-22,ULTRACEMCO,breakout,12104.0,822766,3.392,42.9,11969.0,-0.011153337739590218
new,2026-07-21,2026-07-22,CANHLIFE,breakout,155.42,41007159,17.877,35.9,153.64,-0.01145283747265475
new,2026-07-21,2026-07-22,J&KBANK,breakout,188.8,9188093,1.575,32.3,178.0,-0.05720338983050853
new,2026-07-21,2026-07-22,JUBLINGREA,breakout,763.2,792107,1.903,26.5,751.0,-0.01598532494758916
new,2026-07-22,2026-07-23,M&MFIN,breakout,376.45,54097980,10.029,55.1,370.0,-0.017133749501925855
new,2026-07-22,2026-07-23,CHENNPETRO,breakout,1286.0,2962806,2.203,57.1,1325.6,0.030793157076205217
new,2026-07-22,2026-07-23,CRISIL,breakout,4383.0,458031,7.059,48.7,4479.7,0.022062514259639475
new,2026-07-22,2026-07-23,INDUSINDBK,breakout,1072.0,5061386,2.109,43.4,1002.1,-0.06520522388059699
new,2026-07-22,2026-07-23,ANANTRAJ,breakout,617.5,7702948,2.935,44.1,611.0,-0.010526315789473684
new,2026-07-22,2026-07-23,CASTROLIND,breakout,185.8,1492769,1.276,33.5,185.25,-0.0029601722282024292
new,2026-07-22,2026-07-23,TVSMOTOR,breakout,3938.6,3206118,2.849,51.3,3933.9,-0.0011933174224343214
new,2026-07-22,2026-07-23,TITAN,breakout,4713.0,993099,1.084,45.2,4691.5,-0.004561850201570125
new,2026-07-23,2026-07-24,BAJAJ-AUTO,breakout,11088.5,1022568,2.181,64.1,11195.5,0.009649637011318032
new,2026-07-23,2026-07-24,UNITDSPR,breakout,1421.2,1627070,1.8,31.0,1465.7,0.03131156768927667
new,2026-07-23,2026-07-24,M&M,breakout,3230.0,2700353,1.07,16.2,3165.0,-0.020123839009287926
old,2026-07-24,2026-07-27,ATUL,breakout,6480.0,403512,12.792,24.9,6790.0,0.047839506172839504
new,2026-07-24,2026-07-27,ATUL,breakout,6480.0,403512,12.792,24.9,6790.0,0.047839506172839504
new,2026-07-24,2026-07-27,UNITDSPR,breakout,1465.7,3958294,4.322,47.0,1491.1,0.017329603602374198
new,2026-07-27,2026-07-28,UNOMINDA,breakout,1145.7,922791,1.064,36.6,1153.9,0.007157196473771533
new,2026-07-27,2026-07-28,CARTRADE,breakout,2859.9,3558609,5.697,41.6,2905.7,0.016014545963145468
new,2026-07-27,2026-07-28,CREDITACC,breakout,1600.0,3813535,11.824,29.1,1568.1,-0.019937500000000056
new,2026-07-27,2026-07-28,COFORGE,breakout,1528.9,3720589,1.216,39.9,1673.8,0.09477402053764135
new,2026-07-27,2026-07-28,SPLPETRO,breakout,762.2,527974,3.404,36.1,741.0,-0.02781422198897933
new,2026-07-27,2026-07-28,HAL,breakout,4626.0,695432,1.098,28.1,4523.9,-0.022070903588413394
new,2026-07-27,2026-07-28,LLOYDSME,breakout,1990.6,1495691,2.887,53.9,1979.9,-0.005375263739575916
new,2026-07-27,2026-07-28,DEVYANI,breakout,114.26,4442282,2.68,43.4,115.49,0.010764922107474092
new,2026-07-27,2026-07-28,COLPAL,breakout,2135.2,381400,1.319,26.0,2143.0,0.003653053578119231
new,2026-07-27,2026-07-28,MINDACORP,breakout,693.35,363139,1.112,48.3,689.85,-0.005047955577990914
new,2026-07-27,2026-07-28,IEX,breakout,126.63,14027031,2.252,37.3,129.28,0.02092711047934933
new,2026-07-27,2026-07-28,PVRINOX,breakout,1111.65,1608202,4.516,68.3,1147.85,0.032564206359915276
new,2026-07-27,2026-07-28,ACE,breakout,1072.0,715630,1.006,39.7,1077.5,0.005130597014925373
new,2026-07-27,2026-07-28,RRKABEL,breakout,2513.1,1745244,2.99,34.5,2644.0,0.052087063785762645
new,2026-07-27,2026-07-28,CAMS,breakout,784.65,1447835,1.236,33.2,784.95,0.00038233607340861306
new,2026-07-27,2026-07-28,LATENTVIEW,breakout,309.95,5288199,3.939,44.6,324.05,0.04549120825939675
new,2026-07-27,2026-07-28,LAURUSLABS,breakout,1667.6,7979568,3.277,48.1,1730.8,0.037898776685056396
new,2026-07-27,2026-07-28,PPLPHARMA,breakout,187.53,15309305,2.169,36.4,188.7,0.006239001759718379
new,2026-07-27,2026-07-28,IDFCFIRSTB,breakout,85.96,173334055,9.05,48.4,85.93,-0.00034899953466713507
new,2026-07-27,2026-07-28,LODHA,breakout,1191.6,4941877,1.36,32.3,1280.6,0.07468949311849614
new,2026-07-27,2026-07-28,CONCOR,breakout,501.95,13327602,5.737,37.7,515.8,0.02759238968024697
new,2026-07-27,2026-07-28,UNITDSPR,breakout,1491.1,1149119,1.121,44.9,1488.5,-0.0017436791630339409
new,2026-07-27,2026-07-28,CAPLIPOINT,breakout,2609.0,353558,2.82,38.6,2622.3,0.005097738597163734
new,2026-07-27,2026-07-28,AUBANK,breakout,1038.0,4905035,2.417,60.4,1056.0,0.017341040462427744
new,2026-07-27,2026-07-28,JINDALSTEL,breakout,1055.7,2588155,2.122,28.0,1053.0,-0.0025575447570332912
new,2026-07-27,2026-07-28,ITC,breakout,286.8,18959650,1.326,24.6,286.15,-0.0022663877266388913
new,2026-07-27,2026-07-28,SAILIFE,breakout,1272.0,490800,1.206,40.7,1290.9,0.014858490566037807
new,2026-07-27,2026-07-28,LALPATHLAB,breakout,1867.7,2100051,5.693,47.6,1831.9,-0.019167960593243
old,2026-07-28,2026-07-29,AFFLE,breakout,1575.3,5218460,21.171,57.4,1630.3,0.034913984637846764
new,2026-07-28,2026-07-29,SBICARD,breakout,662.05,2158906,1.328,46.9,656.65,-0.008156483649271169
new,2026-07-28,2026-07-29,NESTLEIND,breakout,1480.5,5462201,2.583,29.4,1498.3,0.012022965214454546
new,2026-07-28,2026-07-29,NH,breakout,2070.6,363727,1.575,47.1,2081.5,0.005264174635371434
new,2026-07-28,2026-07-29,PIDILITIND,breakout,1629.1,1060140,1.119,29.8,1619.1,-0.0061383586029095825
new,2026-07-28,2026-07-29,PERSISTENT,breakout,5437.8,1034501,1.286,45.5,5462.0,0.004450329177240762
new,2026-07-28,2026-07-29,USHAMART,breakout,512.5,3806971,9.201,46.9,508.35,-0.008097560975609711
new,2026-07-28,2026-07-29,MANKIND,breakout,2620.0,609621,1.698,41.4,2587.0,-0.012595419847328244
new,2026-07-28,2026-07-29,JUBLFOOD,breakout,431.1,2679525,1.018,59.9,434.8,0.008582695430294569
new,2026-07-28,2026-07-29,OFSS,breakout,11330.0,471217,1.027,37.2,11579.0,0.021977052074139452
new,2026-07-28,2026-07-29,LTM,breakout,4348.5,872763,1.785,51.9,4433.9,0.019638955961825834
new,2026-07-28,2026-07-29,LODHA,breakout,1280.6,12877569,3.513,55.0,1297.0,0.012806496954552625
new,2026-07-28,2026-07-29,GODREJPROP,breakout,2116.8,929739,1.07,57.3,2150.0,0.015684051398337024
new,2026-07-28,2026-07-29,INFY,breakout,1114.0,27953214,2.079,51.7,1148.2,0.030700179533213686
new,2026-07-28,2026-07-29,CONCOR,breakout,515.8,7578841,2.601,52.3,525.3,0.018417991469561846
new,2026-07-28,2026-07-29,WIPRO,breakout,180.6,26925646,1.565,52.5,184.96,0.02414174972314515
new,2026-07-28,2026-07-29,BSOFT,breakout,305.0,5744046,2.278,43.6,303.5,-0.004918032786885246
new,2026-07-28,2026-07-29,AFFLE,breakout,1575.3,5218460,21.171,57.4,1630.3,0.034913984637846764
new,2026-07-28,2026-07-29,ETERNAL,breakout,300.5,70386530,1.792,49.7,311.25,0.03577371048252912
new,2026-07-28,2026-07-29,ASIANPAINT,breakout,2746.7,1284131,1.495,30.8,2752.8,0.0022208468343832104
new,2026-07-28,2026-07-29,COFORGE,breakout,1673.8,15586828,5.322,62.9,1760.0,0.05149958178993909
new,2026-07-28,2026-07-29,NAUKRI,breakout,1239.95,3891315,1.253,32.7,1263.9,0.01931529497157147
old,2026-07-29,2026-07-30,PARADEEP,breakout,152.31,173352308,43.355,60.1,152.7,0.002560567264132272
new,2026-07-29,2026-07-30,KPITTECH,breakout,633.7,28606207,5.491,44.2,593.7,-0.06312135079690705
new,2026-07-29,2026-07-30,TATAELXSI,breakout,3700.5,753468,1.266,59.3,3679.1,-0.005783002296986918
new,2026-07-29,2026-07-30,TCS,breakout,2458.1,7142633,1.459,55.9,2476.1,0.00732272893698385
new,2026-07-29,2026-07-30,COLPAL,breakout,2174.9,1770798,6.482,33.3,2085.0,-0.041335233803853094
new,2026-07-29,2026-07-30,SWIGGY,breakout,280.76,73267078,3.5,51.7,289.51,0.031165408177803108
new,2026-07-29,2026-07-30,JWL,breakout,265.15,11783533,16.449,38.4,257.0,-0.030737318498962767
new,2026-07-29,2026-07-30,BRITANNIA,breakout,5548.5,364079,1.578,39.2,5532.0,-0.0029737766964044337
new,2026-07-29,2026-07-30,COFORGE,breakout,1760.0,8187892,2.353,55.5,1746.1,-0.007897727272727324
new,2026-07-29,2026-07-30,BHARTIARTL,breakout,1933.0,6201404,1.078,35.6,1950.7,0.009156751163993816
new,2026-07-29,2026-07-30,ETERNAL,breakout,311.25,49619522,1.205,52.3,308.0,-0.010441767068273093
new,2026-07-29,2026-07-30,SONATSOFTW,breakout,311.7,8150826,1.889,44.0,323.1,0.036573628488931774
new,2026-07-29,2026-07-30,CYIENT,breakout,869.8,1340294,2.848,38.3,870.2,0.00045987583352505285
new,2026-07-29,2026-07-30,LT,breakout,3955.9,3022358,1.484,37.7,3914.0,-0.01059177431178748
new,2026-07-29,2026-07-30,IEX,breakout,132.97,8059166,1.167,70.4,132.5,-0.003534631871850785
new,2026-07-29,2026-07-30,SAIL,breakout,173.94,45823103,3.659,37.4,170.02,-0.022536506841439506
new,2026-07-29,2026-07-30,AUROPHARMA,breakout,1576.0,1032374,1.194,42.1,1603.0,0.01713197969543147
new,2026-07-29,2026-07-30,MANAPPURAM,breakout,367.05,5780315,1.481,29.2,381.0,0.038005721291377165
new,2026-07-29,2026-07-30,RADICO,breakout,4379.0,1444846,3.519,45.0,4475.0,0.021922813427723224
new,2026-07-29,2026-07-30,PAYTM,breakout,1333.0,4091467,1.14,18.4,1330.9,-0.0015753938484620474
new,2026-07-29,2026-07-30,WOCKPHARMA,breakout,1904.4,620182,1.033,33.9,1890.1,-0.007508926696072349
new,2026-07-29,2026-07-30,INFY,breakout,1148.2,34478433,2.527,60.3,1179.0,0.026824595018289456
new,2026-07-29,2026-07-30,LTM,breakout,4433.9,573570,1.171,56.5,4488.0,0.012201447935226407
new,2026-07-29,2026-07-30,GPIL,breakout,249.55,1509508,1.143,46.2,247.45,-0.008415147265077229
new,2026-07-29,2026-07-30,PGEL,breakout,589.85,2209757,1.018,50.8,610.1,0.034330762058150374
new,2026-07-29,2026-07-30,SAILIFE,breakout,1308.8,391026,1.066,35.3,1306.0,-0.0021393643031784493
new,2026-07-29,2026-07-30,NEWGEN,breakout,577.05,10324310,1.736,46.8,561.85,-0.026340871674898073
new,2026-07-29,2026-07-30,TVSMOTOR,breakout,4040.0,1913267,1.716,57.2,4169.6,0.03207920792079217
new,2026-07-29,2026-07-30,KAYNES,breakout,3385.2,6049420,5.949,59.9,3670.0,0.08413092284060032
new,2026-07-29,2026-07-30,PPLPHARMA,breakout,197.08,11868475,1.522,42.4,196.23,-0.004312969352547304
new,2026-07-29,2026-07-30,CIPLA,breakout,1457.3,2184449,1.671,48.2,1477.0,0.013518150003431035
new,2026-07-29,2026-07-30,LAURUSLABS,breakout,1790.0,2997181,1.318,58.0,1781.1,-0.004972067039106196
new,2026-07-29,2026-07-30,WIPRO,breakout,184.96,26012005,1.511,58.3,188.0,0.016435986159169507
new,2026-07-29,2026-07-30,PFC,breakout,426.5,6565160,1.286,55.3,426.65,0.00035169988276665244
new,2026-07-29,2026-07-30,TATACAP,breakout,367.2,12018459,10.118,54.1,357.1,-0.02750544662309359
new,2026-07-29,2026-07-30,NMDC,breakout,85.52,24448579,1.536,28.3,85.6,0.0009354536950420755
new,2026-07-29,2026-07-30,SUNTV,breakout,509.7,1055596,5.009,44.3,517.35,0.015008828722778172
new,2026-07-29,2026-07-30,TATAINVEST,breakout,677.0,886976,3.767,60.1,676.0,-0.0014771048744460858
new,2026-07-29,2026-07-30,PARADEEP,breakout,152.31,173352308,43.355,60.1,152.7,0.002560567264132272
old,2026-07-30,2026-07-31,BALKRISIND,breakout,2266.4,4196802,24.952,52.1,2438.8,0.07606777267913876
old,2026-07-30,2026-07-31,LTFOODS,breakout,386.45,7682749,18.296,47.8,412.0,0.06611463319963776
old,2026-07-30,2026-07-31,MGL,breakout,1116.3,3004109,24.021,23.9,1145.7,0.026337006181134187
new,2026-07-30,2026-07-31,WHIRLPOOL,breakout,809.0,1398014,4.766,42.3,802.0,-0.00865265760197775
new,2026-07-30,2026-07-31,NESTLEIND,breakout,1527.1,3700166,1.646,36.4,1517.2,-0.006482876039552003
new,2026-07-30,2026-07-31,BALKRISIND,breakout,2266.4,4196802,24.952,52.1,2438.8,0.07606777267913876
new,2026-07-30,2026-07-31,LTFOODS,breakout,386.45,7682749,18.296,47.8,412.0,0.06611463319963776
new,2026-07-30,2026-07-31,BLUEJET,breakout,613.5,1130252,1.169,50.6,624.0,0.017114914425427872
new,2026-07-30,2026-07-31,TVSMOTOR,breakout,4169.6,2911744,2.484,69.3,4240.0,0.01688411358403675
new,2026-07-30,2026-07-31,DIVISLAB,breakout,7841.5,626390,1.333,60.5,8025.5,0.023464898297519608
new,2026-07-30,2026-07-31,STARHEALTH,breakout,604.65,2434355,5.119,47.7,613.75,0.015050028942363389
new,2026-07-30,2026-07-31,MGL,breakout,1116.3,3004109,24.021,23.9,1145.7,0.026337006181134187
new,2026-07-30,2026-07-31,ARE&M,breakout,888.4,1646668,1.964,49.3,910.8,0.025213867627194932
new,2026-07-30,2026-07-31,IIFL,breakout,608.0,3799601,1.676,38.6,607.0,-0.001644736842105263
new,2026-07-30,2026-07-31,SYRMA,breakout,1392.6,9890094,10.113,33.1,1397.7,0.0036622145626885945
new,2026-07-31,2026-08-03,ABREL,breakout,1418.3,267348,2.036,34.5,1415.2,-0.002185715292956292
new,2026-07-31,2026-08-03,BALKRISIND,breakout,2438.8,3404099,9.129,65.0,2493.4,0.022388059701492498
new,2026-07-31,2026-08-03,TMCV,breakout,425.6,19271558,3.254,41.2,452.75,0.06379229323308265
new,2026-07-31,2026-08-03,TVSMOTOR,breakout,4240.0,2983234,2.422,77.3,4389.0,0.03514150943396226
new,2026-07-31,2026-08-03,TMPV,breakout,335.05,8520678,1.023,52.1,349.3,0.0425309655275332
new,2026-07-31,2026-08-03,LAURUSLABS,breakout,1821.0,2496771,1.085,52.0,1811.4,-0.005271828665568319
new,2026-07-31,2026-08-03,CHOLAFIN,breakout,1840.0,2953106,1.931,29.9,1870.1,0.016358695652173863
new,2026-07-31,2026-08-03,JIOFIN,breakout,250.37,42894015,2.093,58.0,263.0,0.05044534089547468
new,2026-07-31,2026-08-03,M&M,breakout,3392.1,5986058,2.49,34.0,3428.6,0.010760295981840159
new,2026-07-31,2026-08-03,ZEEL,breakout,115.37,61420176,3.074,42.6,97.93,-0.1511658143364826
new,2026-07-31,2026-08-03,BAJFINANCE,breakout,1126.4,40265702,4.839,52.3,1153.0,0.023615056818181736
new,2026-07-31,2026-08-03,DIVISLAB,breakout,8025.5,781079,1.613,53.9,8585.0,0.06971528253691359
new,2026-07-31,2026-08-03,JAINREC,breakout,347.0,1837506,1.422,47.2,348.0,0.002881844380403458
new,2026-07-31,2026-08-03,HYUNDAI,breakout,2159.0,5498694,8.441,50.9,2207.0,0.0222325150532654
new,2026-07-31,2026-08-03,HINDCOPPER,breakout,492.9,7312607,2.592,34.7,493.95,0.0021302495435179783
new,2026-07-31,2026-08-03,LTFOODS,breakout,412.0,2387248,3.047,59.4,415.0,0.007281553398058253
old,2026-08-03,2026-08-04,BLUEDART,breakout,5328.0,593189,49.043,52.0,5364.5,0.006850600600600601
new,2026-08-03,2026-08-04,BAJAJFINSV,breakout,2096.0,2822150,2.129,64.8,2105.0,0.004293893129770993
new,2026-08-03,2026-08-04,SHRIRAMFIN,breakout,1090.2,7011711,1.244,45.4,1087.3,-0.0026600623738764363
new,2026-08-03,2026-08-04,BATAINDIA,breakout,708.0,599415,2.387,32.1,710.0,0.002824858757062147
new,2026-08-03,2026-08-04,AEGISLOG,breakout,1384.9,2442665,1.272,59.2,1353.9,-0.022384287674200302
new,2026-08-03,2026-08-04,TMCV,breakout,452.75,17045743,2.562,49.8,445.75,-0.015461071231363888
new,2026-08-03,2026-08-04,GABRIEL,breakout,1527.0,875575,1.024,48.6,1534.0,0.0045841519318926
new,2026-08-03,2026-08-04,AMBUJACEM,breakout,444.0,3641786,1.697,33.9,436.05,-0.01790540540540538
new,2026-08-03,2026-08-04,ACE,breakout,1090.1,852085,1.152,52.6,1097.4,0.006696633336391324
new,2026-08-03,2026-08-04,TVSMOTOR,breakout,4389.0,1596550,1.187,59.5,4360.0,-0.006607427660059239
new,2026-08-03,2026-08-04,ACC,breakout,1400.0,425996,2.533,44.9,1381.0,-0.013571428571428571
new,2026-08-03,2026-08-04,REDINGTON,breakout,347.2,69076781,11.32,64.7,349.0,0.005184331797235056
new,2026-08-03,2026-08-04,TMPV,breakout,349.3,11835258,1.456,68.7,348.55,-0.00214715144574864
new,2026-08-03,2026-08-04,ANTHEM,breakout,828.1,958470,1.118,35.5,811.65,-0.019864750633981458
new,2026-08-03,2026-08-04,GODFRYPHLP,breakout,2247.0,1545834,3.518,48.1,2336.9,0.040008900756564346
new,2026-08-03,2026-08-04,PAYTM,breakout,1410.0,7946284,2.218,34.4,1400.0,-0.0070921985815602835
new,2026-08-03,2026-08-04,JKTYRE,breakout,411.0,1659161,1.685,31.6,410.0,-0.0024330900243309003
new,2026-08-03,2026-08-04,JSWENERGY,breakout,569.0,2815732,1.175,39.3,568.0,-0.0017574692442882249
new,2026-08-03,2026-08-04,BLUEDART,breakout,5328.0,593189,49.043,52.0,5364.5,0.006850600600600601
new,2026-08-03,2026-08-04,ICICIPRULI,breakout,522.35,2147156,1.098,30.3,513.54,-0.016866085957691315
new,2026-08-03,2026-08-04,ESCORTS,breakout,3115.0,674311,6.033,47.8,3094.1,-0.006709470304975952
new,2026-08-03,2026-08-04,JIOFIN,breakout,263.0,36140840,1.628,70.5,265.0,0.0076045627376425855
new,2026-08-03,2026-08-04,TITAGARH,breakout,855.0,927626,2.603,36.9,849.6,-0.006315789473684184
new,2026-08-03,2026-08-04,APARINDS,breakout,14750.0,281495,2.141,50.1,15501.0,0.050915254237288134
new,2026-08-03,2026-08-04,JYOTICNC,breakout,851.1,1470894,2.012,52.3,848.0,-0.0036423452003290125
new,2026-08-03,2026-08-04,TBOTEK,breakout,1600.0,1205378,4.796,34.8,1599.0,-0.000625
new,2026-08-03,2026-08-04,CHOLAFIN,breakout,1870.1,2229064,1.368,34.1,1868.0,-0.0011229346024276292
new,2026-08-03,2026-08-04,CLEAN,breakout,764.1,3542748,16.227,45.5,777.5,0.01753697160057581
new,2026-08-03,2026-08-04,WOCKPHARMA,breakout,2021.0,1175707,2.042,53.9,2018.0,-0.0014844136566056407
new,2026-08-03,2026-08-04,LTF,breakout,318.0,8845607,1.304,38.4,317.89,-0.0003459119496855775
new,2026-08-03,2026-08-04,NATIONALUM,breakout,369.0,12137190,1.863,48.0,377.0,0.02168021680216802
new,2026-08-03,2026-08-04,BAJFINANCE,breakout,1153.0,13403901,1.357,55.9,1149.0,-0.003469210754553339
new,2026-08-03,2026-08-04,IOC,breakout,143.69,17457027,1.369,38.8,141.6,-0.01454520147539845
new,2026-08-03,2026-08-04,PNBHOUSING,breakout,1090.0,1192329,1.412,36.4,1080.0,-0.009174311926605505
new,2026-08-03,2026-08-04,SONATSOFTW,breakout,341.0,6552873,1.849,52.4,350.0,0.026392961876832845
new,2026-08-03,2026-08-04,DIVISLAB,breakout,8585.0,1732278,3.437,57.6,8378.0,-0.024111822947000584
new,2026-08-03,2026-08-04,IRCON,breakout,131.6,3467608,3.463,55.5,131.85,0.001899696048632219
new,2026-08-03,2026-08-04,MOTHERSON,breakout,155.01,17576432,1.102,46.1,151.0,-0.02586929875491898
new,2026-08-03,2026-08-04,SBIN,breakout,1045.0,10432739,1.044,37.7,1042.7,-0.0022009569377989995
new,2026-08-03,2026-08-04,ASHOKLEY,breakout,174.55,47242586,3.025,65.3,172.08,-0.014150673159553128
new,2026-08-03,2026-08-04,SUNDARMFIN,breakout,4825.9,309031,4.894,51.3,4800.0,-0.005366874572618504
new,2026-08-03,2026-08-04,INDGN,breakout,544.2,1880106,7.904,33.2,554.0,0.018008085262770954
new,2026-08-03,2026-08-04,CHENNPETRO,breakout,1326.0,3012197,1.46,46.2,1326.0,0.0
new,2026-08-03,2026-08-04,ABCAPITAL,breakout,424.35,14038842,3.909,25.5,420.0,-0.010250972074938193
new,2026-08-03,2026-08-04,HINDALCO,breakout,994.9,5520571,1.191,50.3,1020.0,0.025228666197607823
new,2026-08-03,2026-08-04,SIEMENS,breakout,3900.0,606090,1.738,47.1,4000.5,0.02576923076923077
new,2026-08-03,2026-08-04,PINELABS,breakout,152.85,70837089,4.562,46.0,149.7,-0.020608439646712502
new,2026-08-04,2026-08-05,HINDZINC,breakout,562.9,5766636,1.888,53.2,596.95,0.060490317996091794
new,2026-08-04,2026-08-05,SYRMA,breakout,1418.4,2052650,1.424,32.3,1434.0,0.010998307952622608
new,2026-08-04,2026-08-05,GESHIP,breakout,1433.0,8454170,20.669,53.7,1401.2,-0.022191207257501712
new,2026-08-04,2026-08-05,ACMESOLAR,breakout,381.0,2919968,1.416,46.2,379.75,-0.0032808398950131233
new,2026-08-04,2026-08-05,TEJASNET,breakout,534.15,2202423,1.058,45.0,527.9,-0.011700833099316672
new,2026-08-04,2026-08-05,NSLNISP,breakout,44.03,2879375,1.131,42.3,44.78,0.017033840563252328
new,2026-08-04,2026-08-05,ABB,breakout,7700.0,717107,1.529,37.4,7690.5,-0.0012337662337662339
new,2026-08-04,2026-08-05,CASTROLIND,breakout,187.8,3127769,2.752,15.3,191.71,0.020820021299254508
new,2026-08-04,2026-08-05,GRAPHITE,breakout,707.0,7524330,5.442,26.2,709.1,0.0029702970297030024
new,2026-08-04,2026-08-05,ELGIEQUIP,breakout,588.6,558834,2.391,30.8,580.0,-0.014610941216445841
new,2026-08-04,2026-08-05,SAIL,breakout,173.55,25178918,1.9,20.5,175.5,0.011235955056179709
new,2026-08-04,2026-08-05,SAREGAMA,breakout,545.5,6165019,9.477,33.7,557.2,0.021448212648946006
new,2026-08-04,2026-08-05,TRITURBINE,breakout,618.0,1552000,2.114,24.7,623.15,0.008333333333333297
new,2026-08-04,2026-08-05,HUDCO,breakout,203.5,2672128,1.1,20.7,202.0,-0.007371007371007371
new,2026-08-04,2026-08-05,GLAND,breakout,2587.5,764822,1.569,38.8,2552.0,-0.013719806763285025
new,2026-08-04,2026-08-05,SAILIFE,breakout,1372.2,422528,1.116,25.8,1383.5,0.00823495117329832
new,2026-08-04,2026-08-05,SCI,breakout,300.35,8713503,4.444,57.4,300.2,-0.0004994173464292795
new,2026-08-04,2026-08-05,EIDPARRY,breakout,798.6,429025,1.575,51.1,823.0,0.030553468569997466
new,2026-08-04,2026-08-05,GODFRYPHLP,breakout,2336.9,2223251,4.38,66.0,2325.0,-0.005092216183833322
new,2026-08-04,2026-08-05,NAM-INDIA,breakout,1202.0,1989780,2.251,27.2,1215.0,0.010815307820299502
new,2026-08-05,2026-08-06,DEVYANI,breakout,124.75,9716859,2.395,52.6,124.15,-0.004809619238476909
new,2026-08-05,2026-08-06,HEG,breakout,686.05,3168552,1.011,35.1,684.0,-0.0029881203993877337
new,2026-08-05,2026-08-06,HFCL,breakout,211.44,37311294,1.483,38.0,204.0,-0.03518728717366628
new,2026-08-05,2026-08-06,SAIL,breakout,175.5,20119857,1.428,23.2,176.74,0.007065527065527117
new,2026-08-05,2026-08-06,BLS,breakout,256.0,3363765,2.266,46.8,252.7,-0.012890625000000044
new,2026-08-05,2026-08-06,RAINBOW,breakout,1600.0,258716,2.862,16.8,1561.0,-0.024375
new,2026-08-05,2026-08-06,UNOMINDA,breakout,1250.0,2046193,2.26,54.5,1278.0,0.0224
new,2026-08-05,2026-08-06,MPHASIS,breakout,2460.0,857452,1.317,27.0,2421.9,-0.015487804878048744
new,2026-08-05,2026-08-06,SAPPHIRE,breakout,201.0,10527255,7.914,33.2,199.2,-0.008955223880597071
new,2026-08-05,2026-08-06,ENGINERSIN,breakout,240.2,8567378,6.432,43.8,241.0,0.0033305578684430116
new,2026-08-05,2026-08-06,VEDL,breakout,277.0,17284827,1.466,36.2,275.0,-0.007220216606498195
new,2026-08-05,2026-08-06,ASHOKLEY,breakout,177.0,29483043,1.676,39.1,177.5,0.002824858757062147
new,2026-08-05,2026-08-06,RBLBANK,breakout,389.8,7249161,1.078,55.3,392.0,0.00564391995895328
new,2026-08-05,2026-08-06,NETWEB,breakout,4890.0,1905539,1.685,37.9,4803.0,-0.017791411042944787
new,2026-08-05,2026-08-06,HINDCOPPER,breakout,534.4,22652022,7.221,42.2,543.25,0.016560628742515012
new,2026-08-05,2026-08-06,GMDCLTD,breakout,582.6,2361698,2.446,30.1,594.6,0.020597322348094745
new,2026-08-05,2026-08-06,CEATLTD,breakout,3699.0,273809,1.368,46.1,3702.0,0.0008110300081103001
new,2026-08-05,2026-08-06,OLAELEC,breakout,41.5,267916353,5.987,38.7,41.36,-0.0033734939759036283
new,2026-08-05,2026-08-06,TENNIND,breakout,581.45,2215561,4.064,52.5,569.0,-0.021411987273196396
new,2026-08-05,2026-08-06,360ONE,breakout,1192.0,1852820,1.293,36.5,1186.0,-0.0050335570469798654
new,2026-08-05,2026-08-06,EIDPARRY,breakout,823.0,682610,2.611,56.7,811.0,-0.014580801944106925
new,2026-08-05,2026-08-06,KEI,breakout,5577.0,1040688,2.298,31.7,5595.0,0.0032275416890801506
new,2026-08-05,2026-08-06,CASTROLIND,breakout,191.71,13966158,11.16,34.2,193.5,0.009337019456470669
new,2026-08-05,2026-08-06,HEROMOTOCO,breakout,5690.0,887038,1.24,57.1,5550.5,-0.024516695957820737
new,2026-08-06,2026-08-07,HINDCOPPER,breakout,543.25,19614463,4.768,59.6,535.8,-0.013713759779107309
new,2026-08-06,2026-08-07,UNIONBANK,breakout,182.5,19918145,1.135,42.1,183.6,0.006027397260273942
new,2026-08-06,2026-08-07,COCHINSHIP,breakout,1490.0,3347129,3.695,44.2,1519.7,0.0199328859060403
new,2026-08-06,2026-08-07,TATACAP,breakout,385.2,7191162,4.02,49.0,369.4,-0.041017653167185905
new,2026-08-06,2026-08-07,FINCABLES,breakout,1032.75,507324,2.526,47.1,1023.0,-0.00944081336238199
new,2026-08-06,2026-08-07,ELECON,breakout,451.0,864189,1.309,39.3,436.0,-0.03325942350332594
new,2026-08-06,2026-08-07,ITI,breakout,286.75,573140,1.305,25.1,282.0,-0.016564952048823016
new,2026-08-06,2026-08-07,BDL,breakout,1299.0,2786505,3.769,39.7,1294.0,-0.003849114703618168
new,2026-08-06,2026-08-07,MAZDOCK,breakout,2530.0,4176229,6.495,55.8,2514.9,-0.0059683794466402805
new,2026-08-06,2026-08-07,ABFRL,breakout,63.33,12180185,2.661,22.0,63.41,0.0012632243802305116
new,2026-08-06,2026-08-07,TRITURBINE,breakout,648.6,1269681,1.668,43.0,632.0,-0.025593586185630623
new,2026-08-06,2026-08-07,WELCORP,breakout,1820.0,1480199,1.332,32.5,1840.0,0.01098901098901099
new,2026-08-06,2026-08-07,GMDCLTD,breakout,594.6,4394275,4.533,50.4,582.5,-0.02034981500168184
new,2026-08-06,2026-08-07,THELEELA,breakout,512.0,1027188,2.146,24.3,519.0,0.013671875
new,2026-08-06,2026-08-07,CHOLAFIN,breakout,1940.0,2616953,1.743,40.4,1871.0,-0.03556701030927835
new,2026-08-06,2026-08-07,RITES,breakout,231.1,2193465,2.465,41.4,234.15,0.013197749891821771
new,2026-08-06,2026-08-07,AADHARHFC,breakout,514.9,378996,1.193,34.4,502.0,-0.02505340842882109
new,2026-08-06,2026-08-07,POONAWALLA,breakout,490.0,2827758,2.126,40.7,480.05,-0.020306122448979568
new,2026-08-06,2026-08-07,SBFC,breakout,95.45,1423466,1.142,36.1,95.0,-0.004714510214772162
new,2026-08-07,2026-08-10,LLOYDSME,breakout,2109.9,606861,1.002,35.6,2059.1,-0.024076970472534327
new,2026-08-07,2026-08-10,CARBORUNIV,breakout,1114.8,520915,3.86,20.0,1120.0,0.004664513814137106
new,2026-08-07,2026-08-10,EXIDEIND,breakout,489.5,7841324,1.173,50.2,484.0,-0.011235955056179775
new,2026-08-07,2026-08-10,COCHINSHIP,breakout,1519.7,2247468,2.364,57.3,1502.0,-0.011647035599131437
new,2026-08-07,2026-08-10,SBIN,breakout,1097.2,29309276,2.936,44.5,1071.0,-0.023878964637258516
new,2026-08-07,2026-08-10,BEML,breakout,1795.0,1252580,6.907,31.2,1885.3,0.05030640668523674
new,2026-08-07,2026-08-10,GRANULES,breakout,871.0,1145861,1.133,38.4,855.0,-0.018369690011481057
new,2026-08-07,2026-08-10,HONASA,breakout,477.0,977828,1.229,38.9,475.5,-0.0031446540880503146
new,2026-08-07,2026-08-10,CLEAN,breakout,796.9,976529,2.287,44.1,805.95,0.011356506462542437
new,2026-08-07,2026-08-10,TRAVELFOOD,breakout,1429.0,1275995,55.96,22.6,1398.0,-0.021693491952414275
new,2026-08-07,2026-08-10,AUROPHARMA,breakout,1658.0,1995459,2.086,35.0,1648.0,-0.006031363088057901
new,2026-08-07,2026-08-10,NEULANDLAB,breakout,22915.0,313183,4.158,49.0,22249.0,-0.029063931922321623
new,2026-08-10,2026-08-11,BELRISE,breakout,253.4,6529455,1.52,43.9,254.44,0.00410418310970794
new,2026-08-10,2026-08-11,SUMICHEM,breakout,564.0,2049802,2.904,42.1,555.0,-0.015957446808510637
new,2026-08-10,2026-08-11,RHIM,breakout,424.0,1614525,2.918,47.4,413.8,-0.02405660377358488
new,2026-08-10,2026-08-11,JINDALSAW,breakout,277.35,2458175,1.47,36.5,272.15,-0.018748873264827996
new,2026-08-10,2026-08-11,SCHNEIDER,breakout,1427.0,919864,3.82,28.9,1402.5,-0.017168885774351786
new,2026-08-10,2026-08-11,HEROMOTOCO,breakout,5860.0,984110,1.268,47.0,5865.5,0.0009385665529010238
new,2026-08-10,2026-08-11,OIL,breakout,453.0,8222414,2.53,34.5,470.35,0.03830022075055193
new,2026-08-10,2026-08-11,IFCI,breakout,76.12,18483630,1.299,33.4,75.53,-0.007750919600630628
new,2026-08-10,2026-08-11,GRAVITA,breakout,1783.0,279394,1.068,63.4,1783.0,0.0
new,2026-08-10,2026-08-11,BRIGADE,breakout,608.0,1729420,4.845,44.0,605.0,-0.004934210526315789
new,2026-08-10,2026-08-11,POWERINDIA,breakout,36050.0,658738,5.926,57.9,35000.0,-0.02912621359223301
new,2026-08-10,2026-08-11,PAYTM,breakout,1584.1,20022832,5.23,51.7,1593.7,0.00606022347074057
new,2026-08-10,2026-08-11,GLAND,breakout,2670.0,716264,1.626,24.5,2930.0,0.09737827715355805
new,2026-08-10,2026-08-11,MAZDOCK,breakout,2575.0,1458811,1.9,49.9,2554.0,-0.008155339805825243
new,2026-08-10,2026-08-11,CONCORDBIO,breakout,1426.3,358946,2.57,30.5,1422.0,-0.0030147935216994705
new,2026-08-10,2026-08-11,PPLPHARMA,breakout,214.29,9010765,1.174,55.6,214.2,-0.00041999160016801255
new,2026-08-10,2026-08-11,NAUKRI,breakout,1282.0,5793562,3.425,28.4,1360.0,0.060842433697347896
new,2026-08-10,2026-08-11,TATATECH,breakout,881.0,4609319,2.175,51.3,865.15,-0.01799091940976166
new,2026-08-10,2026-08-11,PINELABS,breakout,162.01,39326569,1.792,43.6,167.35,0.032960928337756955
new,2026-08-10,2026-08-11,LTM,breakout,4795.0,562422,1.042,52.7,4850.0,0.011470281543274244
new,2026-08-10,2026-08-11,MCX,breakout,2759.3,4544706,2.616,32.1,2895.0,0.04917913963686435
new,2026-08-10,2026-08-11,ENGINERSIN,breakout,247.1,3318275,1.94,30.2,243.35,-0.015176042088223391
new,2026-08-10,2026-08-11,SYRMA,breakout,1519.0,3853893,2.808,40.7,1493.9,-0.01652402896642522
new,2026-08-11,2026-08-12,DIVISLAB,breakout,8578.5,603261,1.006,43.3,8600.0,0.002506265664160401
new,2026-08-11,2026-08-12,OIL,breakout,470.35,11042360,3.171,40.9,472.0,0.00350802593813113
new,2026-08-11,2026-08-12,KAJARIACER,breakout,1222.4,467313,1.501,39.5,1258.3,0.029368455497382085
new,2026-08-11,2026-08-12,DRREDDY,breakout,1205.0,3932109,1.831,43.2,1200.0,-0.004149377593360996
new,2026-08-11,2026-08-12,SIEMENS,breakout,4011.0,1264173,3.24,32.9,4019.0,0.0019945150835203192
new,2026-08-11,2026-08-12,TEJASNET,breakout,534.9,3059261,1.725,35.5,526.1,-0.0164516732099457
new,2026-08-11,2026-08-12,ARE&M,breakout,966.7,8411845,9.427,34.0,969.8,0.003206785972897392
new,2026-08-11,2026-08-12,ZYDUSLIFE,breakout,1191.0,8171784,8.193,27.1,1205.0,0.011754827875734676
new,2026-08-11,2026-08-12,ANTHEM,breakout,890.0,1604203,1.691,60.2,880.0,-0.011235955056179775
new,2026-08-11,2026-08-12,POLYMED,breakout,1868.0,1021522,8.058,32.1,1877.0,0.004817987152034261
new,2026-08-11,2026-08-12,COHANCE,breakout,462.0,2266842,2.401,55.7,443.05,-0.041017316017315994
new,2026-08-11,2026-08-12,NAUKRI,breakout,1360.0,9917785,5.225,41.8,1339.0,-0.015441176470588236
new,2026-08-11,2026-08-12,NATIONALUM,breakout,388.0,8054476,1.177,23.5,420.0,0.08247422680412371
new,2026-08-12,2026-08-13,BELRISE,breakout,262.2,9397233,2.262,41.2,254.2,-0.030511060259344015
new,2026-08-12,2026-08-13,SPLPETRO,breakout,728.65,502486,1.89,51.0,715.0,-0.018733273862622628
new,2026-08-12,2026-08-13,UNIONBANK,breakout,187.0,21956438,1.323,34.9,186.5,-0.00267379679144385
new,2026-08-12,2026-08-13,BERGEPAINT,breakout,558.05,1845479,4.931,45.2,543.5,-0.026072932532927078
new,2026-08-12,2026-08-13,KAJARIACER,breakout,1258.3,538497,1.698,48.2,1256.0,-0.0018278629897480368
new,2026-08-12,2026-08-13,AARTIIND,breakout,532.3,5368650,3.65,40.3,535.6,0.006199511553635297
new,2026-08-12,2026-08-13,JSWINFRA,breakout,348.0,8413522,2.713,35.0,340.55,-0.021408045977011462
new,2026-08-12,2026-08-13,HINDALCO,breakout,1078.5,8712903,1.77,31.6,1046.25,-0.029902642559109873
new,2026-08-12,2026-08-13,APARINDS,breakout,18200.0,377264,2.3,43.2,17238.0,-0.05285714285714286
new,2026-08-12,2026-08-13,VIJAYA,breakout,1524.9,1398581,6.552,48.5,1479.5,-0.029772444094694792
new,2026-08-12,2026-08-13,NATIONALUM,breakout,420.0,33819651,5.055,47.7,400.5,-0.04642857142857143
new,2026-08-12,2026-08-13,BHEL,breakout,420.0,14584409,1.161,28.1,420.0,0.0
old,2026-08-13,2026-08-14,SARDAEN,breakout,518.75,23535946,87.477,40.4,533.85,0.029108433734939803
new,2026-08-13,2026-08-14,CYIENT,breakout,879.0,781883,1.518,42.3,868.9,-0.011490329920364075
new,2026-08-13,2026-08-14,POONAWALLA,breakout,503.5,2423991,1.712,56.4,497.0,-0.012909632571996028
new,2026-08-13,2026-08-14,SARDAEN,breakout,518.75,23535946,87.477,40.4,533.85,0.029108433734939803
new,2026-08-13,2026-08-14,NSLNISP,breakout,45.45,5721165,2.035,29.6,44.55,-0.019801980198019927
new,2026-08-13,2026-08-14,IPCALAB,breakout,1795.0,1832117,8.283,53.4,1733.0,-0.03454038997214485
new,2026-08-13,2026-08-14,GPIL,breakout,243.4,7868525,5.331,40.2,235.8,-0.031224322103533254
new,2026-08-13,2026-08-14,FLUOROCHEM,breakout,4729.0,1205290,5.871,28.6,4740.0,0.002326073165574117
new,2026-08-13,2026-08-14,NATCOPHARM,breakout,954.0,1198902,3.953,36.3,907.0,-0.049266247379454925
new,2026-08-13,2026-08-14,JYOTICNC,breakout,836.0,1138856,1.12,35.5,829.4,-0.007894736842105291
new,2026-08-13,2026-08-14,CONCOR,breakout,533.65,4781868,2.152,41.0,527.0,-0.012461351072800483
new,2026-08-14,2026-08-17,ZEEL,breakout,101.95,111117472,4.06,43.1,105.0,0.029916625796959265
new,2026-08-14,2026-08-17,HEG,breakout,699.2,3724063,1.4,34.3,697.5,-0.002431350114416541
new,2026-08-14,2026-08-17,ASAHIINDIA,breakout,937.95,643703,4.1,41.7,934.0,-0.004211311903619644
new,2026-08-14,2026-08-17,BDL,breakout,1398.0,8442920,9.205,45.4,1380.0,-0.012875536480686695
new,2026-08-14,2026-08-17,ELGIEQUIP,breakout,609.0,5948498,22.218,49.1,625.0,0.026272577996715927
new,2026-08-14,2026-08-17,BLS,breakout,277.9,3203179,2.007,45.7,274.0,-0.014033825116948461
new,2026-08-14,2026-08-17,BHARTIHEXA,breakout,1621.0,349711,1.972,40.7,1626.0,0.0030845157310302285
new,2026-08-14,2026-08-17,HONASA,breakout,502.0,21911225,24.903,43.8,480.0,-0.043824701195219126
new,2026-08-17,2026-08-18,BALRAMCHIN,breakout,656.0,1391405,1.782,47.2,654.65,-0.0020579268292683275
new,2026-08-17,2026-08-18,HAL,breakout,5059.0,1705894,1.623,39.6,5099.0,0.007906700929037358
new,2026-08-17,2026-08-18,IGIL,breakout,354.95,1086251,1.45,41.8,348.35,-0.0185941681927031
new,2026-08-17,2026-08-18,ELGIEQUIP,breakout,625.0,1389245,2.512,53.5,613.0,-0.0192
new,2026-08-17,2026-08-18,ZEEL,breakout,105.0,55731931,1.763,51.7,104.81,-0.0018095238095237878
new,2026-08-17,2026-08-18,INOXWIND,breakout,78.13,33959213,2.876,58.9,74.95,-0.04070139511071282
new,2026-08-17,2026-08-18,FINCABLES,breakout,1319.0,2332924,1.305,49.1,1321.6,0.0019711902956784755
new,2026-08-17,2026-08-18,DEEPAKNTR,breakout,1781.1,475285,1.023,34.0,1770.0,-0.006232103756105727
new,2026-08-17,2026-08-18,BHEL,breakout,435.95,15303552,1.813,45.0,425.0,-0.025117559353136802
new,2026-08-17,2026-08-18,IFCI,breakout,78.97,32001564,2.012,39.4,81.52,0.03229074332024816
new,2026-08-18,2026-08-19,AEGISLOG,breakout,1371.0,3086704,2.663,49.7,1358.0,-0.009482129832239242
new,2026-08-18,2026-08-19,MCX,breakout,3040.0,3179226,1.469,29.4,2973.0,-0.022039473684210525
new,2026-08-18,2026-08-19,DATAPATTNS,breakout,4734.0,1380598,1.218,44.5,4775.0,0.008660752006759611
new,2026-08-18,2026-08-19,BLUEJET,breakout,607.0,1660134,1.473,43.9,593.3,-0.022570016474464653
new,2026-08-18,2026-08-19,JYOTICNC,breakout,940.0,5407147,5.204,47.3,955.0,0.015957446808510637
new,2026-08-18,2026-08-19,ASAHIINDIA,breakout,962.7,735374,3.809,49.9,954.45,-0.008569647865378623
new,2026-08-18,2026-08-19,BEML,breakout,1961.1,722291,1.732,35.4,1966.0,0.002498597725766198
new,2026-08-18,2026-08-19,MEDANTA,breakout,1446.9,308374,1.01,30.2,1429.0,-0.012371276522219981
new,2026-08-18,2026-08-19,OIL,breakout,480.5,4979680,1.493,32.0,474.85,-0.011758584807492149
new,2026-08-18,2026-08-19,GRSE,breakout,2681.0,1263471,2.727,36.1,2637.0,-0.01641178664677359
new,2026-08-18,2026-08-19,ZENTEC,breakout,1985.0,2740345,6.233,58.0,1930.0,-0.027707808564231738
new,2026-08-18,2026-08-19,GICRE,breakout,359.15,742322,1.64,34.6,359.55,0.0011137407768342868
old,2026-08-19,2026-08-20,GLAXO,breakout,3025.2,1373118,15.286,53.2,3005.0,-0.006677244479703762
new,2026-08-19,2026-08-20,GLAXO,breakout,3025.2,1373118,15.286,53.2,3005.0,-0.006677244479703762
new,2026-08-19,2026-08-20,PETRONET,breakout,288.15,5243624,2.911,38.2,291.39,0.011244143675169216
new,2026-08-19,2026-08-20,CASTROLIND,breakout,188.6,5355247,1.731,24.5,188.35,-0.001325556733828208
new,2026-08-19,2026-08-20,ELGIEQUIP,breakout,637.0,1699487,2.786,44.8,632.0,-0.007849293563579277
new,2026-08-19,2026-08-20,KAYNES,breakout,3823.3,1889219,1.264,40.7,3815.0,-0.0021708994847383627
new,2026-08-19,2026-08-20,CYIENT,breakout,891.7,2029584,3.429,35.9,903.0,0.012672423460805151
new,2026-08-19,2026-08-20,ATGL,breakout,660.9,8497931,11.295,43.5,656.9,-0.006052352852171282
new,2026-08-19,2026-08-20,WELCORP,breakout,1971.0,1213055,1.797,55.6,2009.1,0.019330289193302846
new,2026-08-19,2026-08-20,POLICYBZR,breakout,1782.1,2184034,1.937,39.2,1779.6,-0.0014028393468380003
new,2026-08-19,2026-08-20,DALBHARAT,breakout,1875.0,276824,1.391,22.8,1897.0,0.011733333333333333
new,2026-08-19,2026-08-20,DIXON,breakout,14462.0,467940,1.424,36.3,14850.0,0.0268289309915641
old,2026-08-20,2026-08-21,BALRAMCHIN,breakout,778.0,33509013,41.82,54.2,727.7,-0.06465295629820046
new,2026-08-20,2026-08-21,ABREL,breakout,1449.9,524046,3.752,44.0,1398.0,-0.03579557210842133
new,2026-08-20,2026-08-21,SBICARD,breakout,647.04,5392578,3.981,37.6,649.0,0.0030291790306627665
new,2026-08-20,2026-08-21,PERSISTENT,breakout,5674.0,692859,1.145,38.6,5667.5,-0.0011455763130066973
new,2026-08-20,2026-08-21,ACMESOLAR,breakout,397.0,9445022,5.232,38.7,400.9,0.009823677581863923
new,2026-08-20,2026-08-21,INDHOTEL,breakout,735.85,1762008,1.07,33.7,730.0,-0.007949989807705405
new,2026-08-20,2026-08-21,ETERNAL,breakout,327.95,36434004,1.189,32.7,328.0,0.00015246226558930133
new,2026-08-20,2026-08-21,COFORGE,breakout,1882.0,3967657,1.212,57.3,1891.7,0.00515409139213605
new,2026-08-20,2026-08-21,BALRAMCHIN,breakout,778.0,33509013,41.82,54.2,727.7,-0.06465295629820046
new,2026-08-20,2026-08-21,HINDZINC,breakout,573.9,6310149,1.328,36.7,594.9,0.03659174072138003
new,2026-08-20,2026-08-21,MEESHO,breakout,209.98,33947264,3.161,53.7,206.0,-0.01895418611296309
new,2026-08-20,2026-08-21,TITAGARH,breakout,850.0,561967,1.583,31.1,845.0,-0.0058823529411764705
new,2026-08-20,2026-08-21,CANFINHOME,breakout,852.0,431074,2.325,22.3,830.45,-0.025293427230046895
new,2026-08-20,2026-08-21,EIDPARRY,breakout,810.8,2197120,5.398,42.2,795.0,-0.019486926492353177
new,2026-08-20,2026-08-21,PREMIERENE,breakout,1040.0,1305049,1.517,32.8,1053.0,0.0125
new,2026-08-20,2026-08-21,ELECON,breakout,452.2,899036,1.976,37.9,449.9,-0.005086245024325545
new,2026-08-20,2026-08-21,EMMVEE,breakout,326.5,7404380,4.338,24.2,325.0,-0.004594180704441042
new,2026-08-20,2026-08-21,PIRAMALFIN,breakout,2125.9,277541,1.511,29.8,2179.0,0.024977656521943604
new,2026-08-20,2026-08-21,WELCORP,breakout,2009.1,744668,1.036,60.6,2291.2,0.14041112936140557
new,2026-08-20,2026-08-21,LICI,breakout,419.0,18981967,1.134,49.8,422.25,0.007756563245823389
new,2026-08-20,2026-08-21,BRIGADE,breakout,627.7,1511140,3.536,33.5,638.35,0.016966703839413694
new,2026-08-20,2026-08-21,GROWW,breakout,201.2,49407227,2.224,31.3,197.1,-0.020377733598409515
new,2026-08-20,2026-08-21,NYKAA,breakout,330.35,6602716,1.039,33.5,334.0,0.011048887543514385
new,2026-08-20,2026-08-21,REDINGTON,breakout,348.0,12340319,1.1,37.7,350.0,0.005747126436781609
old,2026-08-21,2026-08-24,JBMA,breakout,662.9,13156463,58.668,49.1,660.0,-0.0043747171519082475
new,2026-08-21,2026-08-24,JINDALSAW,breakout,292.5,16788064,16.563,52.5,286.25,-0.021367521367521368
new,2026-08-21,2026-08-24,VEDL,breakout,279.0,22981311,2.098,52.8,277.0,-0.007168458781362007
new,2026-08-21,2026-08-24,NCC,breakout,149.85,20815828,13.272,50.0,147.58,-0.01514848181514836
new,2026-08-21,2026-08-24,PFOCUS,breakout,298.0,4338086,5.123,44.6,307.4,0.03154362416107375
new,2026-08-21,2026-08-24,CARTRADE,breakout,3074.0,2127263,3.416,53.7,3147.1,0.023780091086532177
new,2026-08-21,2026-08-24,CARBORUNIV,breakout,1167.0,751162,3.67,46.3,1122.0,-0.038560411311053984
new,2026-08-21,2026-08-24,AUBANK,breakout,1108.2,2103247,1.213,27.0,1114.0,0.005233712326294851
new,2026-08-21,2026-08-24,ICICIPRULI,breakout,515.0,1608336,1.121,35.6,511.25,-0.007281553398058253
new,2026-08-21,2026-08-24,CDSL,breakout,1388.9,3737196,3.807,44.1,1385.1,-0.0027359781121752335
new,2026-08-21,2026-08-24,JYOTICNC,breakout,990.0,1612171,1.139,33.0,980.0,-0.010101010101010102
new,2026-08-21,2026-08-24,APOLLOTYRE,breakout,439.95,1727073,2.296,40.0,443.5,0.008069098761222892
new,2026-08-21,2026-08-24,BRIGADE,breakout,638.35,1187722,2.439,44.0,660.0,0.03391556356230904
new,2026-08-21,2026-08-24,MOTILALOFS,breakout,990.0,1847952,1.02,49.5,990.0,0.0
new,2026-08-21,2026-08-24,NETWEB,breakout,5568.7,4258255,2.407,40.9,5435.0,-0.024009194246412954
new,2026-08-21,2026-08-24,PRESTIGE,breakout,1631.0,960501,1.627,33.4,1635.8,0.002942979767014074
new,2026-08-21,2026-08-24,URBANCO,breakout,157.41,65279817,5.895,53.6,168.3,0.06918238993710701
new,2026-08-21,2026-08-24,KOTAKBANK,breakout,402.8,15615541,1.612,49.4,401.45,-0.003351539225422102
new,2026-08-21,2026-08-24,JBMA,breakout,662.9,13156463,58.668,49.1,660.0,-0.0043747171519082475
new,2026-08-21,2026-08-24,ANURAS,breakout,1246.0,436234,1.705,40.1,1255.5,0.007624398073836276
new,2026-08-21,2026-08-24,IIFL,breakout,682.9,11391788,6.763,51.6,695.0,0.017718553228876884
new,2026-08-21,2026-08-24,PREMIERENE,breakout,1053.0,2701207,3.091,43.2,1030.0,-0.02184235517568851
new,2026-08-21,2026-08-24,MUTHOOTFIN,breakout,3022.0,1336150,1.004,53.1,3209.0,0.06187954996690933
new,2026-08-21,2026-08-24,PAYTM,breakout,1632.0,5116399,1.078,32.5,1623.5,-0.005208333333333333
old,2026-08-24,2026-08-25,LTFOODS,breakout,456.7,41887750,48.04,28.9,445.95,-0.023538427851981607
old,2026-08-24,2026-08-25,IDBI,breakout,88.5,72712955,18.214,58.1,87.94,-0.006327683615819235
new,2026-08-24,2026-08-25,HINDZINC,breakout,604.0,12679999,2.351,57.1,592.6,-0.018874172185430426
new,2026-08-24,2026-08-25,LTFOODS,breakout,456.7,41887750,48.04,28.9,445.95,-0.023538427851981607
new,2026-08-24,2026-08-25,DRREDDY,breakout,1190.0,2246015,1.329,14.4,1193.5,0.0029411764705882353
new,2026-08-24,2026-08-25,ENGINERSIN,breakout,256.0,5597299,2.469,46.6,250.25,-0.0224609375
new,2026-08-24,2026-08-25,VMM,breakout,113.5,153242662,16.99,55.0,112.5,-0.00881057268722467
new,2026-08-24,2026-08-25,IDBI,breakout,88.5,72712955,18.214,58.1,87.94,-0.006327683615819235
new,2026-08-24,2026-08-25,MCX,breakout,3268.0,3385815,1.301,52.3,3280.0,0.0036719706242350062
new,2026-08-24,2026-08-25,NMDC,breakout,85.9,28350435,1.547,39.2,85.94,0.00046565774155986074
new,2026-08-24,2026-08-25,SIEMENS,breakout,4114.0,1316711,3.335,45.1,4090.5,-0.005712202236266407
new,2026-08-24,2026-08-25,PFOCUS,breakout,307.4,1711850,1.65,59.4,300.4,-0.02277163305139883
new,2026-08-24,2026-08-25,APOLLOTYRE,breakout,443.5,5151314,6.326,51.6,441.0,-0.005636978579481398
new,2026-08-24,2026-08-25,DLF,breakout,689.0,5056430,1.522,36.9,682.95,-0.008780841799709659
new,2026-08-24,2026-08-25,WELCORP,breakout,2403.0,6081025,3.591,64.8,2332.0,-0.029546400332917187
new,2026-08-24,2026-08-25,IFCI,breakout,82.55,26951031,1.21,48.1,83.33,0.009448818897637809
new,2026-08-24,2026-08-25,SAIL,breakout,179.65,48132509,2.757,43.8,184.59,0.02749791260784858
new,2026-08-24,2026-08-25,PVRINOX,breakout,1245.0,864047,2.121,18.4,1229.0,-0.01285140562248996
new,2026-08-24,2026-08-25,URBANCO,breakout,168.3,64455066,4.515,70.4,169.7,0.008318478906714066
new,2026-08-24,2026-08-25,NAVA,breakout,569.95,563508,1.708,30.8,567.05,-0.005088165628564068
new,2026-08-24,2026-08-25,IIFL,breakout,695.0,3784808,1.736,56.4,663.4,-0.045467625899280606
new,2026-08-24,2026-08-25,AARTIIND,breakout,543.05,2014261,1.129,35.7,538.25,-0.008838965104502265
new,2026-08-24,2026-08-25,MUTHOOTFIN,breakout,3209.0,3261399,2.425,67.6,3201.0,-0.0024929884699283265
old,2026-08-25,2026-08-26,FACT,breakout,873.9,34297563,338.748,42.6,873.0,-0.0010298661174047113
new,2026-08-25,2026-08-26,BPCL,breakout,318.1,6583327,1.325,40.5,318.0,-0.00031436655139900263
new,2026-08-25,2026-08-26,FACT,breakout,873.9,34297563,338.748,42.6,873.0,-0.0010298661174047113
new,2026-08-25,2026-08-26,PINELABS,breakout,164.2,32185304,1.345,41.7,167.03,0.017235079171741857
new,2026-08-25,2026-08-26,AWL,breakout,200.6,16350571,5.285,43.7,201.9,0.006480558325024982
new,2026-08-25,2026-08-26,CYIENT,breakout,975.05,4709981,7.399,40.0,1047.0,0.07379108763653151
new,2026-08-25,2026-08-26,KARURVYSYA,breakout,345.55,2920901,1.817,46.5,354.0,0.024453769353205
new,2026-08-25,2026-08-26,SAIL,breakout,184.59,68844110,3.589,53.5,194.9,0.05585351319139716
new,2026-08-25,2026-08-26,MAHABANK,breakout,81.85,19074096,1.933,16.8,85.6,0.04581551618814906
new,2026-08-25,2026-08-26,ACUTAAS,breakout,3301.0,409286,1.227,20.2,3253.0,-0.014541048167222055
new,2026-08-25,2026-08-26,ANGELONE,breakout,300.9,10799462,2.306,35.0,298.85,-0.006812894649385027
new,2026-08-25,2026-08-26,IREDA,breakout,120.61,11092821,2.298,50.5,118.8,-0.015007047508498485
new,2026-08-25,2026-08-26,GROWW,breakout,203.2,53098949,2.166,33.7,196.1,-0.034940944881889736
new,2026-08-25,2026-08-26,LODHA,breakout,1281.1,2231223,1.024,38.3,1265.0,-0.012567324955116626
new,2026-08-25,2026-08-26,MAZDOCK,breakout,2610.0,1637041,1.772,32.5,2625.0,0.005747126436781609
new,2026-08-25,2026-08-26,CHALET,breakout,895.5,1030915,8.962,39.0,913.0,0.01954215522054718
new,2026-08-26,2026-08-27,SBICARD,breakout,660.1,2061801,1.261,27.4,645.0,-0.022875321920921107
new,2026-08-26,2026-08-27,CYIENT,breakout,1047.0,11686897,14.022,63.1,1050.6,0.0034383954154726926
new,2026-08-26,2026-08-27,KARURVYSYA,breakout,354.0,3894118,2.394,54.1,346.0,-0.022598870056497175
new,2026-08-26,2026-08-27,KAYNES,breakout,4032.0,1736244,1.032,45.8,4018.8,-0.003273809523809479
new,2026-08-26,2026-08-27,IFCI,breakout,85.89,54782275,2.161,51.4,84.16,-0.02014204214693217
new,2026-08-26,2026-08-27,SAIL,breakout,194.9,44530011,2.07,62.7,193.0,-0.00974858902001029
new,2026-08-26,2026-08-27,MOTILALOFS,breakout,1040.0,1930730,1.593,48.0,1038.1,-0.0018269230769231643
new,2026-08-26,2026-08-27,CGCL,breakout,255.2,30352158,7.48,59.5,244.58,-0.041614420062695834
new,2026-08-26,2026-08-27,MAHABANK,breakout,85.6,56234790,5.385,43.6,84.69,-0.010630841121495288
new,2026-08-26,2026-08-27,PWL,breakout,126.7,27103534,2.06,39.3,123.6,-0.024467245461720667
new,2026-08-26,2026-08-27,ANTHEM,breakout,927.0,1850517,2.93,42.9,922.3,-0.005070118662351721
new,2026-08-26,2026-08-27,ABSLAMC,breakout,1033.6,406924,2.389,34.2,1049.0,0.01489938080495365
new,2026-08-26,2026-08-27,JINDALSAW,breakout,305.0,12332427,6.714,40.1,310.0,0.01639344262295082
new,2026-08-26,2026-08-27,KOTAKBANK,breakout,416.7,20168480,2.12,50.0,424.2,0.017998560115190784
old,2026-08-27,2026-08-28,BBTC,breakout,1593.0,14318827,425.694,52.5,1564.5,-0.017890772128060263
new,2026-08-27,2026-08-28,NCC,breakout,150.0,4095482,1.529,31.3,148.6,-0.00933333333333337
new,2026-08-27,2026-08-28,ADANIENT,breakout,3169.0,1793548,1.655,45.3,3168.5,-0.0001577784790154623
new,2026-08-27,2026-08-28,LICHSGFIN,breakout,535.5,7373133,3.131,45.8,535.0,-0.0009337068160597573
new,2026-08-27,2026-08-28,CGPOWER,breakout,897.9,5429455,2.146,38.3,889.0,-0.009912016928388436
new,2026-08-27,2026-08-28,BBTC,breakout,1593.0,14318827,425.694,52.5,1564.5,-0.017890772128060263
new,2026-08-27,2026-08-28,DELHIVERY,breakout,466.0,4020599,1.261,55.3,470.2,0.009012875536480662
new,2026-08-27,2026-08-28,GVT&D,breakout,4407.8,1777869,1.823,53.9,4339.2,-0.015563319569853523
new,2026-08-27,2026-08-28,BHEL,breakout,433.95,19957824,2.795,48.4,430.85,-0.0071436801474823505
new,2026-08-27,2026-08-28,ADANIPOWER,breakout,215.0,69977018,4.857,52.7,212.63,-0.01102325581395351
new,2026-08-27,2026-08-28,AMBER,breakout,7701.0,610622,1.855,44.6,7675.0,-0.0033761849110505128
new,2026-08-27,2026-08-28,MEDANTA,breakout,1523.0,1108809,4.307,51.7,1469.5,-0.03512803676953381
new,2026-08-27,2026-08-28,WOCKPHARMA,breakout,1971.0,1208156,1.932,34.1,1975.0,0.0020294266869609334
old,2026-08-28,2026-08-31,TEJASNET,breakout,549.0,42931819,39.146,45.7,559.0,0.018214936247723135
new,2026-08-28,2026-08-31,COFORGE,breakout,2014.6,5515290,2.76,55.7,1985.3,-0.014543830040702848
new,2026-08-28,2026-08-31,DIVISLAB,breakout,9239.0,773191,1.57,69.2,9467.0,0.02467799545405347
new,2026-08-28,2026-08-31,TECHM,breakout,1640.9,3415061,1.317,49.8,1628.0,-0.0078615393991103
new,2026-08-28,2026-08-31,SHYAMMETL,breakout,1104.3,2681028,5.339,52.4,1088.5,-0.014307706239246541
new,2026-08-28,2026-08-31,ATHERENERG,breakout,1616.3,14534560,3.346,42.9,1717.7,0.06273587824042572
new,2026-08-28,2026-08-31,APLAPOLLO,breakout,2265.6,1037503,1.358,52.0,2223.4,-0.01862641242937845
new,2026-08-28,2026-08-31,SAGILITY,breakout,46.34,60731454,2.848,37.6,47.05,0.015321536469572588
new,2026-08-28,2026-08-31,TEJASNET,breakout,549.0,42931819,39.146,45.7,559.0,0.018214936247723135
new,2026-08-28,2026-08-31,SUPREMEIND,breakout,3636.9,269257,1.577,38.7,3559.0,-0.021419340647254554
new,2026-08-28,2026-08-31,HEG,breakout,737.8,2663733,1.692,38.3,730.0,-0.010571970723773319
new,2026-08-28,2026-08-31,NEWGEN,breakout,566.0,10495323,13.723,48.4,528.0,-0.06713780918727916
new,2026-08-28,2026-08-31,REDINGTON,breakout,366.6,15994139,1.709,21.5,360.2,-0.017457719585379252
new,2026-08-28,2026-08-31,IFCI,breakout,90.2,139047528,5.013,47.2,89.26,-0.010421286031042103
new,2026-08-28,2026-08-31,LTM,breakout,4675.0,1147867,2.711,28.1,4540.0,-0.028877005347593583
new,2026-08-28,2026-08-31,RKFORGE,breakout,752.8,1359185,1.003,30.1,742.25,-0.014014346439957432
new,2026-08-28,2026-08-31,TECHNOE,breakout,1024.1,272655,1.111,36.5,984.25,-0.03891221560394484
new,2026-08-28,2026-08-31,GLENMARK,breakout,2515.0,807632,1.601,37.0,2480.0,-0.013916500994035786
old,2026-08-31,2026-09-01,LTTS,breakout,3632.9,684831,7.959,24.4,3576.1,-0.01563489223485375
old,2026-08-31,2026-09-01,LENSKART,breakout,663.0,111314326,13.572,28.3,661.0,-0.0030165912518853697
new,2026-08-31,2026-09-01,AIIL,breakout,572.0,1822269,3.688,21.3,542.75,-0.05113636363636364
new,2026-08-31,2026-09-01,ATHERENERG,breakout,1717.7,19105149,3.889,55.1,1725.6,0.004599173313151228
new,2026-08-31,2026-09-01,LTTS,breakout,3632.9,684831,7.959,24.4,3576.1,-0.01563489223485375
new,2026-08-31,2026-09-01,BAJAJ-AUTO,breakout,12130.0,351479,1.55,34.5,12361.0,0.019043693322341303
new,2026-08-31,2026-09-01,INDGN,breakout,608.0,3949706,4.739,51.7,609.0,0.001644736842105263
new,2026-08-31,2026-09-01,ACMESOLAR,breakout,408.0,2967137,1.486,25.3,402.0,-0.014705882352941176
new,2026-08-31,2026-09-01,SUZLON,breakout,47.52,57276623,1.389,33.9,46.5,-0.02146464646464653
new,2026-08-31,2026-09-01,ICICIBANK,breakout,1454.0,15176869,1.684,31.5,1438.0,-0.011004126547455296
new,2026-08-31,2026-09-01,KAJARIACER,breakout,1242.0,539501,2.319,32.7,1230.0,-0.00966183574879227
new,2026-08-31,2026-09-01,THELEELA,breakout,571.15,1522308,2.074,22.4,575.8,0.008141468966120944
new,2026-08-31,2026-09-01,NYKAA,breakout,349.55,7646343,1.236,28.5,338.5,-0.03161207266485484
new,2026-08-31,2026-09-01,IDFCFIRSTB,breakout,85.97,19184289,1.682,33.2,84.9,-0.012446202163545344
new,2026-08-31,2026-09-01,WIPRO,breakout,184.5,16438985,2.064,20.9,180.9,-0.01951219512195119
new,2026-08-31,2026-09-01,RRKABEL,breakout,2931.9,631074,1.527,22.8,2874.0,-0.019748286094341583
new,2026-08-31,2026-09-01,PIRAMALFIN,breakout,2315.0,705786,2.662,32.6,2232.0,-0.035853131749460046
new,2026-08-31,2026-09-01,LENSKART,breakout,663.0,111314326,13.572,28.3,661.0,-0.0030165912518853697
new,2026-08-31,2026-09-01,CYIENT,breakout,1175.0,2527968,1.64,42.3,1153.0,-0.01872340425531915
new,2026-08-31,2026-09-01,OFSS,breakout,12540.0,473006,2.325,36.2,12187.0,-0.028149920255183414
new,2026-08-31,2026-09-01,FEDERALBNK,breakout,356.7,6625274,1.443,31.0,349.25,-0.020885898514157526
new,2026-08-31,2026-09-01,INDUSTOWER,breakout,388.8,5352455,1.058,11.6,375.0,-0.03549382716049385
new,2026-08-31,2026-09-01,DIVISLAB,breakout,9467.0,677348,1.377,47.7,9165.0,-0.03190028520122531
new,2026-08-31,2026-09-01,SPLPETRO,breakout,725.15,1220795,14.853,37.2,720.0,-0.007101978900917021
new,2026-09-01,2026-09-02,COHANCE,breakout,461.4,2163764,1.484,31.9,459.0,-0.005201560468140393
new,2026-09-01,2026-09-02,CUB,breakout,234.0,2904744,1.047,27.8,231.0,-0.01282051282051282
new,2026-09-01,2026-09-02,JSL,breakout,735.0,1066040,2.682,25.8,735.0,0.0
new,2026-09-01,2026-09-02,HCLTECH,breakout,1351.4,4030238,2.101,39.6,1331.5,-0.014725469883084276
new,2026-09-01,2026-09-02,CAPLIPOINT,breakout,2720.0,1991038,21.432,33.6,2728.0,0.0029411764705882353
new,2026-09-02,2026-09-03,KIRLOSENG,breakout,2172.0,491464,1.094,19.5,2141.3,-0.01413443830570894
new,2026-09-02,2026-09-03,OIL,breakout,498.15,4334029,1.435,49.4,495.5,-0.005319682826457848
new,2026-09-02,2026-09-03,RBLBANK,breakout,389.4,4296931,2.041,23.4,408.1,0.04802259887005662
new,2026-09-02,2026-09-03,SAILIFE,breakout,1582.0,2743656,4.134,42.6,1579.0,-0.0018963337547408343
new,2026-09-02,2026-09-03,CLEAN,breakout,863.0,1111320,2.781,27.7,850.3,-0.014716106604866797
new,2026-09-02,2026-09-03,COALINDIA,breakout,417.85,34128070,4.38,44.4,420.05,0.005265047265765199
new,2026-09-02,2026-09-03,PNB,breakout,117.0,21094953,1.613,29.3,116.32,-0.00581196581196587
new,2026-09-03,2026-09-04,GESHIP,breakout,1354.7,1286344,1.388,33.9,1366.0,0.008341330183804499
new,2026-09-03,2026-09-04,KARURVYSYA,breakout,353.2,2695794,1.729,21.9,348.4,-0.01359003397508497
new,2026-09-03,2026-09-04,URBANCO,breakout,177.6,17339311,1.189,28.3,182.0,0.024774774774774806
new,2026-09-03,2026-09-04,CGCL,breakout,272.1,13333412,2.09,31.9,281.2,0.03344358691657466
new,2026-09-03,2026-09-04,WELCORP,breakout,2631.1,4169197,1.521,43.0,2573.9,-0.021739956672114258
new,2026-09-03,2026-09-04,USHAMART,breakout,517.0,909653,1.463,23.6,512.0,-0.009671179883945842
new,2026-09-03,2026-09-04,MAHABANK,breakout,86.32,48631180,3.438,26.4,86.0,-0.0037071362372566403
new,2026-09-03,2026-09-04,RBLBANK,breakout,408.1,19860126,10.146,51.7,414.35,0.015314873805439843
new,2026-09-03,2026-09-04,REDINGTON,breakout,373.55,8920713,1.792,41.5,370.3,-0.008700307857047248
new,2026-09-04,2026-09-07,LICHSGFIN,breakout,562.35,7120960,2.371,32.8,552.0,-0.018404907975460162
new,2026-09-04,2026-09-07,TATACAP,breakout,375.25,1324384,1.142,41.0,369.1,-0.016389073950699475
new,2026-09-04,2026-09-07,GESHIP,breakout,1366.0,1035609,1.158,40.1,1372.0,0.004392386530014641
new,2026-09-04,2026-09-07,ACMESOLAR,breakout,419.0,6198203,3.306,35.0,412.0,-0.016706443914081145
new,2026-09-04,2026-09-07,TEJASNET,breakout,612.0,26060036,6.805,43.6,592.7,-0.03153594771241822
new,2026-09-04,2026-09-07,TATASTEEL,breakout,188.79,36492638,1.372,26.9,185.61,-0.016844112505958887
new,2026-09-04,2026-09-07,TITAGARH,breakout,872.3,2999145,7.87,40.3,891.3,0.02178149719133326
new,2026-09-04,2026-09-07,BSE,breakout,3441.0,11497920,2.395,48.8,3446.2,0.0015111886079627486
new,2026-09-04,2026-09-07,IFCI,breakout,102.17,406709407,6.453,40.4,102.21,0.0003915043554858769
new,2026-09-04,2026-09-07,RBLBANK,breakout,414.35,7855103,2.8,61.4,415.0,0.0015687220948472963
new,2026-09-04,2026-09-07,TATACOMM,breakout,1751.6,276709,1.068,44.6,1740.0,-0.0066225165562913395
new,2026-09-04,2026-09-07,IGL,breakout,158.31,8163476,3.651,55.8,155.69,-0.016549807340029084
new,2026-09-04,2026-09-07,ANGELONE,breakout,300.05,45487278,8.647,47.6,303.8,0.012497917013831027
new,2026-09-04,2026-09-07,RELIANCE,breakout,1322.0,13022095,1.275,35.0,1309.5,-0.009455370650529501
new,2026-09-04,2026-09-07,NUVOCO,breakout,345.6,1495083,5.046,52.2,345.1,-0.0014467592592592592
new,2026-09-04,2026-09-07,NIACL,breakout,231.5,66894389,17.01,41.5,229.8,-0.0073434125269977914
new,2026-09-04,2026-09-07,CARBORUNIV,breakout,1130.0,338730,1.307,35.0,1109.7,-0.017964601769911465
new,2026-09-04,2026-09-07,PNBHOUSING,breakout,1160.5,924980,1.126,28.9,1182.1,0.018612666953899102
new,2026-09-04,2026-09-07,HDFCLIFE,breakout,546.4,6016170,2.512,32.2,533.2,-0.024158125915080403
new,2026-09-04,2026-09-07,WOCKPHARMA,breakout,2097.0,3556908,5.121,50.2,2212.8,0.055221745350500805
old,2026-09-07,2026-09-08,ZYDUSWELL,breakout,551.5,7610145,32.098,25.0,557.8,0.011423390752493118
new,2026-09-07,2026-09-08,SPLPETRO,breakout,804.8,855077,3.733,68.2,824.0,0.023856858846918547
new,2026-09-07,2026-09-08,DIVISLAB,breakout,9315.0,502148,1.173,21.6,9575.0,0.027911969940955447
new,2026-09-07,2026-09-08,SUPREMEIND,breakout,3598.0,370879,1.846,38.3,3553.0,-0.012506948304613675
new,2026-09-07,2026-09-08,HOMEFIRST,breakout,1239.0,315025,2.67,34.2,1231.4,-0.006133979015334874
new,2026-09-07,2026-09-08,NAM-INDIA,breakout,1195.0,1817882,1.321,22.3,1188.9,-0.005104602510460175
new,2026-09-07,2026-09-08,MOTILALOFS,breakout,1055.0,1551612,1.243,40.9,1051.5,-0.0033175355450236967
new,2026-09-07,2026-09-08,WOCKPHARMA,breakout,2212.8,4215624,4.988,59.9,2227.0,0.006417208966015824
new,2026-09-07,2026-09-08,NCC,breakout,150.5,3412520,1.236,19.9,148.4,-0.013953488372092985
new,2026-09-07,2026-09-08,ZYDUSWELL,breakout,551.5,7610145,32.098,25.0,557.8,0.011423390752493118
new,2026-09-07,2026-09-08,SYRMA,breakout,1628.0,13049271,12.36,55.9,1639.9,0.007309582309582365
new,2026-09-08,2026-09-09,HAL,breakout,5031.1,2552350,2.827,38.6,5000.5,-0.006082168909383705
new,2026-09-08,2026-09-09,DATAPATTNS,breakout,4940.0,2893800,3.911,47.3,4911.8,-0.005708502024291461
new,2026-09-08,2026-09-09,JAINREC,breakout,296.0,2752267,2.289,50.1,296.15,0.0005067567567566799
new,2026-09-08,2026-09-09,JUBLPHARMA,breakout,999.75,1366685,3.503,57.7,1019.95,0.02020505126281575
new,2026-09-08,2026-09-09,COCHINSHIP,breakout,1528.2,874613,1.052,23.2,1556.0,0.018191336212537594
new,2026-09-08,2026-09-09,PINELABS,breakout,169.97,38298058,2.081,49.0,175.05,0.029887627228334487
new,2026-09-08,2026-09-09,GRANULES,breakout,892.0,2111563,3.121,30.5,880.5,-0.01289237668161435
new,2026-09-08,2026-09-09,AUROPHARMA,breakout,1692.0,1055767,1.305,24.8,1698.9,0.004078014184397217
new,2026-09-08,2026-09-09,PIRAMALFIN,breakout,2300.0,481385,1.282,9.9,2312.5,0.005434782608695652
new,2026-09-08,2026-09-09,KALYANKJIL,breakout,612.6,10707918,1.177,40.0,607.6,-0.008161932745674175
new,2026-09-08,2026-09-09,GVT&D,breakout,4750.0,4272233,5.014,54.4,4673.0,-0.016210526315789474
new,2026-09-08,2026-09-09,UTIAMC,breakout,901.0,354699,3.757,47.9,901.1,0.00011098779134297751
new,2026-09-08,2026-09-09,PCBL,breakout,329.95,6605790,6.683,38.5,334.9,0.015002273071677494
new,2026-09-08,2026-09-09,PPLPHARMA,breakout,226.0,21038253,5.509,55.5,218.45,-0.03340707964601775
new,2026-09-08,2026-09-09,NYKAA,breakout,341.0,5739771,1.285,19.4,343.0,0.005865102639296188
new,2026-09-09,2026-09-10,SARDAEN,breakout,547.5,5268296,3.422,49.3,540.1,-0.013515981735159777
new,2026-09-09,2026-09-10,MEESHO,breakout,217.0,17153121,1.116,30.0,213.4,-0.016589861751152048
new,2026-09-09,2026-09-10,PINELABS,breakout,175.05,40641077,2.28,50.5,173.85,-0.006855184233076361
new,2026-09-09,2026-09-10,GRAPHITE,breakout,843.0,36288867,35.123,52.5,841.2,-0.0021352313167259246
new,2026-09-09,2026-09-10,CGPOWER,breakout,926.95,3454443,1.484,49.7,915.55,-0.012298397971843239
new,2026-09-09,2026-09-10,COCHINSHIP,breakout,1556.0,1253238,1.471,24.4,1556.1,6.426735218503152e-05
new,2026-09-09,2026-09-10,ADANIENT,breakout,3104.7,5320331,2.841,43.7,3090.0,-0.004734756981350797
new,2026-09-09,2026-09-10,SAILIFE,breakout,1679.9,1332754,1.869,33.6,1615.2,-0.038514197273647265
new,2026-09-09,2026-09-10,GPIL,breakout,252.5,3124484,1.637,51.9,249.1,-0.013465346534653488
new,2026-09-09,2026-09-10,FINCABLES,breakout,1346.0,2870953,1.485,54.7,1360.0,0.010401188707280832
new,2026-09-09,2026-09-10,JSWINFRA,breakout,341.4,5358907,2.368,24.8,341.6,0.0005858230814295416
new,2026-09-09,2026-09-10,ACUTAAS,breakout,3245.0,282095,1.097,25.4,3381.1,0.04194144838212632
new,2026-09-09,2026-09-10,PCBL,breakout,334.9,6362047,5.001,47.6,339.6,0.014034040011944
new,2026-09-09,2026-09-10,COALINDIA,breakout,431.0,22788948,2.283,42.8,433.05,0.004756380510440862
